{"credit":"Made by ManuelXXVI (with Blockbench)","ambientocclusion":false,"textures":{"particle":"block/chorus_flower/side_leaves_3","cross":"block/chorus_flower/side_leaves_3"},"elements":[{"from":[0,4,8],"to":[16,12,8],"rotation":{"angle":45,"axis":"y","origin":[8,8,8],"rescale":true},"faces":{"north":{"uv":[0,4,16,12],"texture":"#cross"},"south":{"uv":[0,4,16,12],"texture":"#cross"}}},{"from":[0,4,8],"to":[16,12,8],"rotation":{"angle":-45,"axis":"y","origin":[8,8,8],"rescale":true},"faces":{"north":{"uv":[0,4,16,12],"texture":"#cross"},"south":{"uv":[0,4,16,12],"texture":"#cross"}}}]}