{"parent":"minecraft:block/block","textures":{"particle":"minecraft:block/end_portal_frame_side","bottom":"minecraft:block/end_stone","top":"minecraft:optifine/ctm/aota/top.png","side":"minecraft:optifine/ctm/aota/side.png"},"elements":[{"from":[0,0,0],"to":[16,13,16],"faces":{"down":{"texture":"#bottom","uv":[0,0,16,16],"cullface":"down"},"up":{"texture":"#top","uv":[0,0,16,16]},"north":{"texture":"#side","uv":[0,3,16,16],"cullface":"north"},"south":{"texture":"#side","uv":[0,3,16,16],"cullface":"south"},"west":{"texture":"#side","uv":[0,3,16,16],"cullface":"west"},"east":{"texture":"#side","uv":[0,3,16,16],"cullface":"east"}}}]}