{
	"credit": "Made with Blockbench",
	"texture_size": [32, 32],
	"textures": {
		"0": "item/potion",
		"particle": "item/potion"
	},
	"elements": [
		{
			"from": [6, -4.2, 6],
			"to": [10, 12.6, 10],
			"rotation": {"angle": 0, "axis": "y", "origin": [14, 8, 14]},
			"faces": {
				"north": {"uv": [0, 0, 2.5, 7], "texture": "#0"},
				"east": {"uv": [0, 0, 2.5, 7], "texture": "#0"},
				"south": {"uv": [0, 0, 2.5, 7], "texture": "#0"},
				"west": {"uv": [0, 0, 2.5, 7], "texture": "#0"},
				"up": {"uv": [2.5, 11, 0, 8.5], "texture": "#0"},
				"down": {"uv": [0, 8.5, 2.5, 11], "texture": "#0"}
			}
		},
		{
			"from": [6.46, -5.068, 6.46],
			"to": [9.54, 7.868, 9.54],
			"rotation": {"angle": 0, "axis": "y", "origin": [8, 1.4, 8]},
			"faces": {
				"north": {"uv": [0, 0, 2.5, 7], "texture": "#0"},
				"east": {"uv": [0, 0, 2.5, 7], "texture": "#0"},
				"south": {"uv": [0, 0, 2.5, 7], "texture": "#0"},
				"west": {"uv": [0, 0, 2.5, 7], "texture": "#0"},
				"up": {"uv": [2.5, 11, 0, 8.5], "rotation": 270, "texture": "#0"},
				"down": {"uv": [0, 8.5, 2.5, 11], "rotation": 90, "texture": "#0"}
			}
		},
		{
			"from": [6.768, -5.7744, 6.768],
			"to": [9.232, -5.0256, 9.232],
			"rotation": {"angle": 0, "axis": "y", "origin": [8, -0.6, 8]},
			"faces": {
				"north": {"uv": [0, 10, 2.5, 11], "texture": "#0"},
				"east": {"uv": [0, 10, 2.5, 11], "texture": "#0"},
				"south": {"uv": [0, 10, 2.5, 11], "texture": "#0"},
				"west": {"uv": [0, 10, 2.5, 11], "texture": "#0"},
				"up": {"uv": [2.5, 14, 0, 11.5], "rotation": 180, "texture": "#0"},
				"down": {"uv": [0, 8.5, 2.5, 11], "rotation": 180, "texture": "#0"}
			}
		},
		{
			"from": [6.35, 12.25, 6.35],
			"to": [9.65, 13.55, 9.65],
			"rotation": {"angle": 0, "axis": "y", "origin": [17, 20.25, 14]},
			"faces": {
				"north": {"uv": [3, 1.5, 5, 2], "texture": "#0"},
				"east": {"uv": [3, 1.5, 5, 2], "texture": "#0"},
				"south": {"uv": [3, 1.5, 5, 2], "texture": "#0"},
				"west": {"uv": [3, 1.5, 5, 2], "texture": "#0"},
				"up": {"uv": [3, 0, 5, 2], "texture": "#0"},
				"down": {"uv": [4, 4.5, 6, 6.5], "texture": "#0"}
			}
		},
		{
			"from": [5.88, 7.38, 5.88],
			"to": [10.12, 9.42, 10.12],
			"rotation": {"angle": 0, "axis": "y", "origin": [15.2, 17.98, 12.8]},
			"faces": {
				"north": {"uv": [5, 9, 4.5, 9.5], "texture": "#0"},
				"east": {"uv": [5, 9, 4.5, 9.5], "texture": "#0"},
				"south": {"uv": [5, 9, 4.5, 9.5], "texture": "#0"},
				"west": {"uv": [5, 9, 4.5, 9.5], "texture": "#0"},
				"up": {"uv": [7.5, 5.5, 7, 6], "texture": "#0"},
				"down": {"uv": [7.5, 5.5, 7, 6], "texture": "#0"}
			}
		},
		{
			"from": [6.22033, 7.20891, 2.634],
			"to": [6.52033, 7.30891, 5.906],
			"rotation": {"angle": -45, "axis": "x", "origin": [5.37033, 7.90891, 3.97]},
			"faces": {
				"north": {"uv": [5, 9, 4.5, 9.5], "texture": "#0"},
				"east": {"uv": [5, 9, 4.5, 9.5], "texture": "#0"},
				"south": {"uv": [5, 9, 4.5, 9.5], "texture": "#0"},
				"west": {"uv": [5, 9, 4.5, 9.5], "texture": "#0"},
				"up": {"uv": [5, 9, 4.5, 9.5], "rotation": 90, "texture": "#0"},
				"down": {"uv": [7.5, 5.5, 7, 6], "rotation": 270, "texture": "#0"}
			}
		},
		{
			"name": "potion_overlay",
			"from": [6.25, -3.75, 6.25],
			"to": [9.75, 8.75, 9.75],
			"rotation": {"angle": 0, "axis": "y", "origin": [14, 8, 14]},
			"faces": {
				"north": {"uv": [5.5, 2.5, 4, 7], "texture": "#0", "tintindex": 0},
				"east": {"uv": [5.5, 2.5, 4, 7], "texture": "#0", "tintindex": 0},
				"south": {"uv": [5.5, 2.5, 4, 7], "texture": "#0", "tintindex": 0},
				"west": {"uv": [5.5, 2.5, 4, 7], "texture": "#0", "tintindex": 0},
				"up": {"uv": [5.5, 4, 4, 5.5], "texture": "#0", "tintindex": 0},
				"down": {"uv": [5.5, 4, 4, 5.5], "texture": "#0", "tintindex": 0}
			}
		},
		{
			"name": "potion_overlay",
			"from": [6.74, -4.9, 6.74],
			"to": [9.26, 4.1, 9.26],
			"rotation": {"angle": 0, "axis": "y", "origin": [12.32, 6.21, 12.32]},
			"faces": {
				"north": {"uv": [5.5, 2.5, 4, 7], "texture": "#0", "tintindex": 0},
				"east": {"uv": [5.5, 2.5, 4, 7], "texture": "#0", "tintindex": 0},
				"south": {"uv": [5.5, 2.5, 4, 7], "texture": "#0", "tintindex": 0},
				"west": {"uv": [5.5, 2.5, 4, 7], "texture": "#0", "tintindex": 0},
				"up": {"uv": [5.5, 4, 4, 5.5], "texture": "#0", "tintindex": 0},
				"down": {"uv": [5.5, 4, 4, 5.5], "texture": "#0", "tintindex": 0}
			}
		},
		{
			"name": "potion_overlay",
			"from": [7.15916, -5.503, 7.15916],
			"to": [8.84084, 0.503, 8.84084],
			"rotation": {"angle": 0, "axis": "y", "origin": [10.88288, 5.19112, 10.88288]},
			"faces": {
				"north": {"uv": [5.5, 2.5, 4, 7], "texture": "#0", "tintindex": 0},
				"east": {"uv": [5.5, 2.5, 4, 7], "texture": "#0", "tintindex": 0},
				"south": {"uv": [5.5, 2.5, 4, 7], "texture": "#0", "tintindex": 0},
				"west": {"uv": [5.5, 2.5, 4, 7], "texture": "#0", "tintindex": 0},
				"up": {"uv": [5.5, 4, 4, 5.5], "texture": "#0", "tintindex": 0},
				"down": {"uv": [5.5, 4, 4, 5.5], "texture": "#0", "tintindex": 0}
			}
		},
		{
			"from": [6.2332, 2.246, 0.77904],
			"to": [6.5068, 5.894, 4.42704],
			"rotation": {"angle": -45, "axis": "x", "origin": [5.814, 5.25, 0.64304]},
			"faces": {
				"north": {"uv": [9.5, 0, 9.5, 2], "texture": "#0"},
				"east": {"uv": [10, 0, 16, 5.5], "rotation": 270, "texture": "#0"},
				"south": {"uv": [9.5, 0, 9.5, 2], "texture": "#0"},
				"west": {"uv": [10, 0, 16, 5.5], "rotation": 90, "texture": "#0"},
				"up": {"uv": [9.5, 0, 9.5, 2], "texture": "#0"},
				"down": {"uv": [9.5, 0, 9.5, 2], "texture": "#0"}
			}
		}
	],
	"gui_light": "front",
	"display": {
		"thirdperson_righthand": {
			"translation": [0.5, 1.5, 1.75],
			"scale": [0.5, 0.5, 0.5]
		},
		"thirdperson_lefthand": {
			"translation": [0.5, 1.5, 1.75],
			"scale": [0.5, 0.5, 0.5]
		},
		"firstperson_righthand": {
			"rotation": [-24.4, 8.36, 1.16],
			"translation": [0.5, 4.5, 1.75],
			"scale": [0.5, 0.5, 0.5]
		},
		"firstperson_lefthand": {
			"rotation": [-24.4, 8.36, 1.16],
			"translation": [0.5, 4.5, 1.75],
			"scale": [0.5, 0.5, 0.5]
		},
		"ground": {
			"rotation": [-45, 0, 0],
			"translation": [0, 7.25, 0],
			"scale": [0.3, 0.3, 0.3]
		},
		"gui": {
			"rotation": [-90, 45, 90],
			"translation": [-3, 3, 0],
			"scale": [1.05, 1.05, 1.05]
		},
		"head": {
			"translation": [0, 12.25, 0],
			"scale": [0.75, 0.75, 0.75]
		},
		"fixed": {
			"rotation": [-90, -45, -90],
			"translation": [2.75, 2.25, 0]
		}
	},
	"groups": [
		{
			"name": "potion",
			"origin": [8, 8, 8],
			"color": 0,
			"nbt": "{}",
			"armAnimationEnabled": false,
			"children": [0, 1, 2, 3, 4, 5]
		},
		6,
		7,
		8,
		9
	]
}