{
	"credit": "Made with Blockbench",
	"textures": {
		"lightergray": "block/color/lightergray",
		"greenmetal_three": "block/color/greenmetal_three",
		"lime_terracotta": "block/color/lime_terracotta",
		"graymetal_dark": "block/color/graymetal_dark"
	},
	"elements": [
		{
			"from": [-2, 7.8, 7.96],
			"to": [-1, 8.2, 8.04],
			"rotation": {"angle": 0, "axis": "y", "origin": [12, 0, 0]},
			"faces": {
				"north": {"uv": [0, 0, 1, 0.4], "texture": "#lightergray"},
				"south": {"uv": [0, 0, 1, 0.4], "texture": "#lightergray"},
				"west": {"uv": [0, 0, 0.08, 0.4], "texture": "#lightergray"},
				"up": {"uv": [0, 0, 1, 0.08], "texture": "#lightergray"},
				"down": {"uv": [0, 0, 1, 0.08], "texture": "#lightergray"}
			}
		},
		{
			"from": [-2, 7.8, 7.96],
			"to": [-1, 8.2, 8.04],
			"rotation": {"angle": 22.5, "axis": "x", "origin": [20, 8, 8]},
			"faces": {
				"north": {"uv": [0, 0, 1, 0.4], "texture": "#lightergray"},
				"south": {"uv": [0, 0, 1, 0.4], "texture": "#lightergray"},
				"west": {"uv": [0, 0, 0.08, 0.4], "texture": "#lightergray"},
				"up": {"uv": [0, 0, 1, 0.08], "texture": "#lightergray"},
				"down": {"uv": [0, 0, 1, 0.08], "texture": "#lightergray"}
			}
		},
		{
			"from": [-2, 7.8, 7.96],
			"to": [-1, 8.2, 8.04],
			"rotation": {"angle": 45, "axis": "x", "origin": [20, 8, 8]},
			"faces": {
				"north": {"uv": [0, 0, 1, 0.4], "texture": "#lightergray"},
				"south": {"uv": [0, 0, 1, 0.4], "texture": "#lightergray"},
				"west": {"uv": [0, 0, 0.08, 0.4], "texture": "#lightergray"},
				"up": {"uv": [0, 0, 1, 0.08], "texture": "#lightergray"},
				"down": {"uv": [0, 0, 1, 0.08], "texture": "#lightergray"}
			}
		},
		{
			"from": [-2, 7.8, 7.96],
			"to": [-1, 8.2, 8.04],
			"rotation": {"angle": -22.5, "axis": "x", "origin": [20, 8, 8]},
			"faces": {
				"north": {"uv": [0, 0, 1, 0.4], "texture": "#lightergray"},
				"south": {"uv": [0, 0, 1, 0.4], "texture": "#lightergray"},
				"west": {"uv": [0, 0, 0.08, 0.4], "texture": "#lightergray"},
				"up": {"uv": [0, 0, 1, 0.08], "texture": "#lightergray"},
				"down": {"uv": [0, 0, 1, 0.08], "texture": "#lightergray"}
			}
		},
		{
			"from": [-2, 7.8, 7.96],
			"to": [-1, 8.2, 8.04],
			"rotation": {"angle": -45, "axis": "x", "origin": [20, 8, 8]},
			"faces": {
				"north": {"uv": [0, 0, 1, 0.4], "texture": "#lightergray"},
				"south": {"uv": [0, 0, 1, 0.4], "texture": "#lightergray"},
				"west": {"uv": [0, 0, 0.08, 0.4], "texture": "#lightergray"},
				"up": {"uv": [0, 0, 1, 0.08], "texture": "#lightergray"},
				"down": {"uv": [0, 0, 1, 0.08], "texture": "#lightergray"}
			}
		},
		{
			"from": [-2, 7.96, 7.8],
			"to": [-1, 8.04, 8.2],
			"rotation": {"angle": 0, "axis": "y", "origin": [12, 0, 0]},
			"faces": {
				"north": {"uv": [0, 0, 1, 0.08], "texture": "#lightergray"},
				"south": {"uv": [0, 0, 1, 0.08], "texture": "#lightergray"},
				"west": {"uv": [0, 0, 0.4, 0.08], "texture": "#lightergray"},
				"up": {"uv": [0, 0, 1, 0.4], "texture": "#lightergray"},
				"down": {"uv": [0, 0, 1, 0.4], "texture": "#lightergray"}
			}
		},
		{
			"from": [-2, 7.96, 7.8],
			"to": [-1, 8.04, 8.2],
			"rotation": {"angle": 22.5, "axis": "x", "origin": [20, 8, 8]},
			"faces": {
				"north": {"uv": [0, 0, 1, 0.08], "texture": "#lightergray"},
				"south": {"uv": [0, 0, 1, 0.08], "texture": "#lightergray"},
				"west": {"uv": [0, 0, 0.4, 0.08], "texture": "#lightergray"},
				"up": {"uv": [0, 0, 1, 0.4], "texture": "#lightergray"},
				"down": {"uv": [0, 0, 1, 0.4], "texture": "#lightergray"}
			}
		},
		{
			"from": [-2, 7.96, 7.8],
			"to": [-1, 8.04, 8.2],
			"rotation": {"angle": -22.5, "axis": "x", "origin": [20, 8, 8]},
			"faces": {
				"north": {"uv": [0, 0, 1, 0.08], "texture": "#lightergray"},
				"south": {"uv": [0, 0, 1, 0.08], "texture": "#lightergray"},
				"west": {"uv": [0, 0, 0.4, 0.08], "texture": "#lightergray"},
				"up": {"uv": [0, 0, 1, 0.4], "texture": "#lightergray"},
				"down": {"uv": [0, 0, 1, 0.4], "texture": "#lightergray"}
			}
		},
		{
			"from": [-1.7, 7.75, 7.95],
			"to": [-1.65, 8.25, 8.05],
			"rotation": {"angle": 0, "axis": "y", "origin": [12, 0, 0]},
			"faces": {
				"north": {"uv": [0, 0, 0.05, 0.5], "texture": "#lightergray"},
				"south": {"uv": [0, 0, 0.05, 0.5], "texture": "#lightergray"},
				"west": {"uv": [0, 0, 0.1, 0.5], "texture": "#lightergray"},
				"up": {"uv": [0, 0, 0.05, 0.1], "texture": "#lightergray"},
				"down": {"uv": [0, 0, 0.05, 0.1], "texture": "#lightergray"}
			}
		},
		{
			"from": [-1.7, 7.75, 7.95],
			"to": [-1.65, 8.25, 8.05],
			"rotation": {"angle": 22.5, "axis": "x", "origin": [20, 8, 8]},
			"faces": {
				"north": {"uv": [0, 0, 0.05, 0.5], "texture": "#lightergray"},
				"south": {"uv": [0, 0, 0.05, 0.5], "texture": "#lightergray"},
				"west": {"uv": [0, 0, 0.1, 0.5], "texture": "#lightergray"},
				"up": {"uv": [0, 0, 0.05, 0.1], "texture": "#lightergray"},
				"down": {"uv": [0, 0, 0.05, 0.1], "texture": "#lightergray"}
			}
		},
		{
			"from": [-1.7, 7.75, 7.95],
			"to": [-1.65, 8.25, 8.05],
			"rotation": {"angle": 45, "axis": "x", "origin": [20, 8, 8]},
			"faces": {
				"north": {"uv": [0, 0, 0.05, 0.5], "texture": "#lightergray"},
				"south": {"uv": [0, 0, 0.05, 0.5], "texture": "#lightergray"},
				"west": {"uv": [0, 0, 0.1, 0.5], "texture": "#lightergray"},
				"up": {"uv": [0, 0, 0.05, 0.1], "texture": "#lightergray"},
				"down": {"uv": [0, 0, 0.05, 0.1], "texture": "#lightergray"}
			}
		},
		{
			"from": [-1.7, 7.75, 7.95],
			"to": [-1.65, 8.25, 8.05],
			"rotation": {"angle": -22.5, "axis": "x", "origin": [20, 8, 8]},
			"faces": {
				"north": {"uv": [0, 0, 0.05, 0.5], "texture": "#lightergray"},
				"south": {"uv": [0, 0, 0.05, 0.5], "texture": "#lightergray"},
				"west": {"uv": [0, 0, 0.1, 0.5], "texture": "#lightergray"},
				"up": {"uv": [0, 0, 0.05, 0.1], "texture": "#lightergray"},
				"down": {"uv": [0, 0, 0.05, 0.1], "texture": "#lightergray"}
			}
		},
		{
			"from": [-1.7, 7.75, 7.95],
			"to": [-1.65, 8.25, 8.05],
			"rotation": {"angle": -45, "axis": "x", "origin": [20, 8, 8]},
			"faces": {
				"north": {"uv": [0, 0, 0.05, 0.5], "texture": "#lightergray"},
				"south": {"uv": [0, 0, 0.05, 0.5], "texture": "#lightergray"},
				"west": {"uv": [0, 0, 0.1, 0.5], "texture": "#lightergray"},
				"up": {"uv": [0, 0, 0.05, 0.1], "texture": "#lightergray"},
				"down": {"uv": [0, 0, 0.05, 0.1], "texture": "#lightergray"}
			}
		},
		{
			"from": [-1.7, 7.95, 7.75],
			"to": [-1.65, 8.05, 8.25],
			"rotation": {"angle": 0, "axis": "y", "origin": [12, 0, 0]},
			"faces": {
				"north": {"uv": [0, 0, 0.05, 0.1], "texture": "#lightergray"},
				"south": {"uv": [0, 0, 0.05, 0.1], "texture": "#lightergray"},
				"west": {"uv": [0, 0, 0.5, 0.1], "texture": "#lightergray"},
				"up": {"uv": [0, 0, 0.05, 0.5], "texture": "#lightergray"},
				"down": {"uv": [0, 0, 0.05, 0.5], "texture": "#lightergray"}
			}
		},
		{
			"from": [-1.7, 7.95, 7.75],
			"to": [-1.65, 8.05, 8.25],
			"rotation": {"angle": 22.5, "axis": "x", "origin": [20, 8, 8]},
			"faces": {
				"north": {"uv": [0, 0, 0.05, 0.1], "texture": "#lightergray"},
				"south": {"uv": [0, 0, 0.05, 0.1], "texture": "#lightergray"},
				"west": {"uv": [0, 0, 0.5, 0.1], "texture": "#lightergray"},
				"up": {"uv": [0, 0, 0.05, 0.5], "texture": "#lightergray"},
				"down": {"uv": [0, 0, 0.05, 0.5], "texture": "#lightergray"}
			}
		},
		{
			"from": [-1.7, 7.95, 7.75],
			"to": [-1.65, 8.05, 8.25],
			"rotation": {"angle": -22.5, "axis": "x", "origin": [20, 8, 8]},
			"faces": {
				"north": {"uv": [0, 0, 0.05, 0.1], "texture": "#lightergray"},
				"south": {"uv": [0, 0, 0.05, 0.1], "texture": "#lightergray"},
				"west": {"uv": [0, 0, 0.5, 0.1], "texture": "#lightergray"},
				"up": {"uv": [0, 0, 0.05, 0.5], "texture": "#lightergray"},
				"down": {"uv": [0, 0, 0.05, 0.5], "texture": "#lightergray"}
			}
		},
		{
			"from": [-1.65, 7.75, 7.95],
			"to": [-0.9, 8.25, 8.05],
			"rotation": {"angle": 0, "axis": "y", "origin": [12, 0, 0]},
			"faces": {
				"north": {"uv": [0, 0, 0.75, 0.5], "texture": "#greenmetal_three"},
				"south": {"uv": [0, 0, 0.75, 0.5], "texture": "#greenmetal_three"},
				"up": {"uv": [0, 0, 0.75, 0.1], "texture": "#greenmetal_three"},
				"down": {"uv": [0, 0, 0.75, 0.1], "texture": "#greenmetal_three"}
			}
		},
		{
			"from": [-1.65, 7.75, 7.95],
			"to": [-0.9, 8.25, 8.05],
			"rotation": {"angle": 22.5, "axis": "x", "origin": [20, 8, 8]},
			"faces": {
				"north": {"uv": [0, 0, 0.75, 0.5], "texture": "#greenmetal_three"},
				"south": {"uv": [0, 0, 0.75, 0.5], "texture": "#greenmetal_three"},
				"up": {"uv": [0, 0, 0.75, 0.1], "texture": "#greenmetal_three"},
				"down": {"uv": [0, 0, 0.75, 0.1], "texture": "#greenmetal_three"}
			}
		},
		{
			"from": [-1.65, 7.75, 7.95],
			"to": [-0.9, 8.25, 8.05],
			"rotation": {"angle": 45, "axis": "x", "origin": [20, 8, 8]},
			"faces": {
				"north": {"uv": [0, 0, 0.75, 0.5], "texture": "#greenmetal_three"},
				"south": {"uv": [0, 0, 0.75, 0.5], "texture": "#greenmetal_three"},
				"up": {"uv": [0, 0, 0.75, 0.1], "texture": "#greenmetal_three"},
				"down": {"uv": [0, 0, 0.75, 0.1], "texture": "#greenmetal_three"}
			}
		},
		{
			"from": [-1.65, 7.75, 7.95],
			"to": [-0.9, 8.25, 8.05],
			"rotation": {"angle": -22.5, "axis": "x", "origin": [20, 8, 8]},
			"faces": {
				"north": {"uv": [0, 0, 0.75, 0.5], "texture": "#greenmetal_three"},
				"south": {"uv": [0, 0, 0.75, 0.5], "texture": "#greenmetal_three"},
				"up": {"uv": [0, 0, 0.75, 0.1], "texture": "#greenmetal_three"},
				"down": {"uv": [0, 0, 0.75, 0.1], "texture": "#greenmetal_three"}
			}
		},
		{
			"from": [-1.65, 7.75, 7.95],
			"to": [-0.9, 8.25, 8.05],
			"rotation": {"angle": -45, "axis": "x", "origin": [20, 8, 8]},
			"faces": {
				"north": {"uv": [0, 0, 0.75, 0.5], "texture": "#greenmetal_three"},
				"south": {"uv": [0, 0, 0.75, 0.5], "texture": "#greenmetal_three"},
				"up": {"uv": [0, 0, 0.75, 0.1], "texture": "#greenmetal_three"},
				"down": {"uv": [0, 0, 0.75, 0.1], "texture": "#greenmetal_three"}
			}
		},
		{
			"from": [-1.65, 7.95, 7.75],
			"to": [-0.9, 8.05, 8.25],
			"rotation": {"angle": 0, "axis": "y", "origin": [12, 0, 0]},
			"faces": {
				"north": {"uv": [0, 0, 0.75, 0.1], "texture": "#greenmetal_three"},
				"south": {"uv": [0, 0, 0.75, 0.1], "texture": "#greenmetal_three"},
				"up": {"uv": [0, 0, 0.75, 0.5], "texture": "#greenmetal_three"},
				"down": {"uv": [0, 0, 0.75, 0.5], "texture": "#greenmetal_three"}
			}
		},
		{
			"from": [-1.65, 7.95, 7.75],
			"to": [-0.9, 8.05, 8.25],
			"rotation": {"angle": 22.5, "axis": "x", "origin": [20, 8, 8]},
			"faces": {
				"north": {"uv": [0, 0, 0.75, 0.1], "texture": "#greenmetal_three"},
				"south": {"uv": [0, 0, 0.75, 0.1], "texture": "#greenmetal_three"},
				"up": {"uv": [0, 0, 0.75, 0.5], "texture": "#greenmetal_three"},
				"down": {"uv": [0, 0, 0.75, 0.5], "texture": "#greenmetal_three"}
			}
		},
		{
			"from": [-1.65, 7.95, 7.75],
			"to": [-0.9, 8.05, 8.25],
			"rotation": {"angle": -22.5, "axis": "x", "origin": [20, 8, 8]},
			"faces": {
				"north": {"uv": [0, 0, 0.75, 0.1], "texture": "#greenmetal_three"},
				"south": {"uv": [0, 0, 0.75, 0.1], "texture": "#greenmetal_three"},
				"up": {"uv": [0, 0, 0.75, 0.5], "texture": "#greenmetal_three"},
				"down": {"uv": [0, 0, 0.75, 0.5], "texture": "#greenmetal_three"}
			}
		},
		{
			"from": [-0.9, 7.65, 7.93],
			"to": [-0.4, 8.35, 8.07],
			"rotation": {"angle": 0, "axis": "y", "origin": [12, 0, 0]},
			"faces": {
				"north": {"uv": [0, 0, 0.5, 0.7], "texture": "#greenmetal_three"},
				"south": {"uv": [0, 0, 0.5, 0.7], "texture": "#greenmetal_three"},
				"west": {"uv": [0, 0, 0.14, 0.7], "texture": "#greenmetal_three"},
				"up": {"uv": [0, 0, 0.5, 0.14], "texture": "#greenmetal_three"},
				"down": {"uv": [0, 0, 0.5, 0.14], "texture": "#greenmetal_three"}
			}
		},
		{
			"from": [-0.4, 7.55, 7.91],
			"to": [0.1, 8.45, 8.09],
			"rotation": {"angle": 0, "axis": "y", "origin": [12, 0, 0]},
			"faces": {
				"north": {"uv": [0, 0, 0.5, 0.9], "texture": "#greenmetal_three"},
				"south": {"uv": [0, 0, 0.5, 0.9], "texture": "#greenmetal_three"},
				"west": {"uv": [0, 0, 0.18, 0.9], "texture": "#greenmetal_three"},
				"up": {"uv": [0, 0, 0.5, 0.18], "texture": "#greenmetal_three"},
				"down": {"uv": [0, 0, 0.5, 0.18], "texture": "#greenmetal_three"}
			}
		},
		{
			"from": [0.1, 7.45, 7.89],
			"to": [5.6, 8.55, 8.11],
			"rotation": {"angle": 0, "axis": "y", "origin": [12, 0, 0]},
			"faces": {
				"north": {"uv": [0, 0, 5.5, 1.1], "texture": "#greenmetal_three"},
				"south": {"uv": [0, 0, 5.5, 1.1], "texture": "#greenmetal_three"},
				"west": {"uv": [0, 0, 0.22, 1.1], "texture": "#greenmetal_three"},
				"up": {"uv": [0, 0, 5.5, 0.22], "texture": "#greenmetal_three"},
				"down": {"uv": [0, 0, 5.5, 0.22], "texture": "#greenmetal_three"}
			}
		},
		{
			"from": [0.6, 7.35, 7.87],
			"to": [4.6, 8.65, 8.13],
			"rotation": {"angle": 0, "axis": "y", "origin": [12, 0, 0]},
			"faces": {
				"north": {"uv": [0, 0, 4, 1.3], "texture": "#greenmetal_three"},
				"east": {"uv": [0, 0, 0.26, 1.3], "texture": "#greenmetal_three"},
				"south": {"uv": [0, 0, 4, 1.3], "texture": "#greenmetal_three"},
				"west": {"uv": [0, 0, 0.26, 1.3], "texture": "#greenmetal_three"},
				"up": {"uv": [0, 0, 4, 0.26], "texture": "#greenmetal_three"},
				"down": {"uv": [0, 0, 4, 0.26], "texture": "#greenmetal_three"}
			}
		},
		{
			"from": [1.1, 7.25, 7.85],
			"to": [3.6, 8.75, 8.15],
			"rotation": {"angle": 0, "axis": "y", "origin": [12, 0, 0]},
			"faces": {
				"north": {"uv": [0, 0, 2.5, 1.5], "texture": "#greenmetal_three"},
				"east": {"uv": [0, 0, 0.3, 1.5], "texture": "#greenmetal_three"},
				"south": {"uv": [0, 0, 2.5, 1.5], "texture": "#greenmetal_three"},
				"west": {"uv": [0, 0, 0.3, 1.5], "texture": "#greenmetal_three"},
				"up": {"uv": [0, 0, 2.5, 0.3], "texture": "#greenmetal_three"},
				"down": {"uv": [0, 0, 2.5, 0.3], "texture": "#greenmetal_three"}
			}
		},
		{
			"from": [-0.9, 7.93, 7.65],
			"to": [-0.4, 8.07, 8.35],
			"rotation": {"angle": 0, "axis": "y", "origin": [12, 0, 0]},
			"faces": {
				"north": {"uv": [0, 0, 0.5, 0.14], "texture": "#greenmetal_three"},
				"south": {"uv": [0, 0, 0.5, 0.14], "texture": "#greenmetal_three"},
				"west": {"uv": [0, 0, 0.7, 0.14], "texture": "#greenmetal_three"},
				"up": {"uv": [0, 0, 0.5, 0.7], "texture": "#greenmetal_three"},
				"down": {"uv": [0, 0, 0.5, 0.7], "texture": "#greenmetal_three"}
			}
		},
		{
			"from": [-0.4, 7.91, 7.55],
			"to": [0.1, 8.09, 8.45],
			"rotation": {"angle": 0, "axis": "y", "origin": [12, 0, 0]},
			"faces": {
				"north": {"uv": [0, 0, 0.5, 0.18], "texture": "#greenmetal_three"},
				"south": {"uv": [0, 0, 0.5, 0.18], "texture": "#greenmetal_three"},
				"west": {"uv": [0, 0, 0.9, 0.18], "texture": "#greenmetal_three"},
				"up": {"uv": [0, 0, 0.5, 0.9], "texture": "#greenmetal_three"},
				"down": {"uv": [0, 0, 0.5, 0.9], "texture": "#greenmetal_three"}
			}
		},
		{
			"from": [0.1, 7.89, 7.45],
			"to": [5.6, 8.11, 8.55],
			"rotation": {"angle": 0, "axis": "y", "origin": [12, 0, 0]},
			"faces": {
				"north": {"uv": [0, 0, 5.5, 0.22], "texture": "#greenmetal_three"},
				"south": {"uv": [0, 0, 5.5, 0.22], "texture": "#greenmetal_three"},
				"west": {"uv": [0, 0, 1.1, 0.22], "texture": "#greenmetal_three"},
				"up": {"uv": [0, 0, 5.5, 1.1], "texture": "#greenmetal_three"},
				"down": {"uv": [0, 0, 5.5, 1.1], "texture": "#greenmetal_three"}
			}
		},
		{
			"from": [0.6, 7.87, 7.35],
			"to": [4.6, 8.13, 8.65],
			"rotation": {"angle": 0, "axis": "y", "origin": [12, 0, 0]},
			"faces": {
				"north": {"uv": [0, 0, 4, 0.26], "texture": "#greenmetal_three"},
				"east": {"uv": [0, 0, 1.3, 0.26], "texture": "#greenmetal_three"},
				"south": {"uv": [0, 0, 4, 0.26], "texture": "#greenmetal_three"},
				"west": {"uv": [0, 0, 1.3, 0.26], "texture": "#greenmetal_three"},
				"up": {"uv": [0, 0, 4, 1.3], "texture": "#greenmetal_three"},
				"down": {"uv": [0, 0, 4, 1.3], "texture": "#greenmetal_three"}
			}
		},
		{
			"from": [1.1, 7.85, 7.25],
			"to": [3.6, 8.15, 8.75],
			"rotation": {"angle": 0, "axis": "y", "origin": [12, 0, 0]},
			"faces": {
				"north": {"uv": [0, 0, 2.5, 0.3], "texture": "#greenmetal_three"},
				"east": {"uv": [0, 0, 1.5, 0.3], "texture": "#greenmetal_three"},
				"south": {"uv": [0, 0, 2.5, 0.3], "texture": "#greenmetal_three"},
				"west": {"uv": [0, 0, 1.5, 0.3], "texture": "#greenmetal_three"},
				"up": {"uv": [0, 0, 2.5, 1.5], "texture": "#greenmetal_three"},
				"down": {"uv": [0, 0, 2.5, 1.5], "texture": "#greenmetal_three"}
			}
		},
		{
			"from": [-0.9, 7.93, 7.65],
			"to": [-0.4, 8.07, 8.35],
			"rotation": {"angle": 22.5, "axis": "x", "origin": [20, 8, 8]},
			"faces": {
				"north": {"uv": [0, 0, 0.5, 0.14], "texture": "#greenmetal_three"},
				"south": {"uv": [0, 0, 0.5, 0.14], "texture": "#greenmetal_three"},
				"west": {"uv": [0, 0, 0.7, 0.14], "texture": "#greenmetal_three"},
				"up": {"uv": [0, 0, 0.5, 0.7], "texture": "#greenmetal_three"},
				"down": {"uv": [0, 0, 0.5, 0.7], "texture": "#greenmetal_three"}
			}
		},
		{
			"from": [-0.9, 7.93, 7.65],
			"to": [-0.4, 8.07, 8.35],
			"rotation": {"angle": -22.5, "axis": "x", "origin": [20, 8, 8]},
			"faces": {
				"north": {"uv": [0, 0, 0.5, 0.14], "texture": "#greenmetal_three"},
				"south": {"uv": [0, 0, 0.5, 0.14], "texture": "#greenmetal_three"},
				"west": {"uv": [0, 0, 0.7, 0.14], "texture": "#greenmetal_three"},
				"up": {"uv": [0, 0, 0.5, 0.7], "texture": "#greenmetal_three"},
				"down": {"uv": [0, 0, 0.5, 0.7], "texture": "#greenmetal_three"}
			}
		},
		{
			"from": [-0.4, 7.91, 7.55],
			"to": [0.1, 8.09, 8.45],
			"rotation": {"angle": 22.5, "axis": "x", "origin": [20, 8, 8]},
			"faces": {
				"north": {"uv": [0, 0, 0.5, 0.18], "texture": "#greenmetal_three"},
				"south": {"uv": [0, 0, 0.5, 0.18], "texture": "#greenmetal_three"},
				"west": {"uv": [0, 0, 0.9, 0.18], "texture": "#greenmetal_three"},
				"up": {"uv": [0, 0, 0.5, 0.9], "texture": "#greenmetal_three"},
				"down": {"uv": [0, 0, 0.5, 0.9], "texture": "#greenmetal_three"}
			}
		},
		{
			"from": [-0.4, 7.91, 7.55],
			"to": [0.1, 8.09, 8.45],
			"rotation": {"angle": -22.5, "axis": "x", "origin": [20, 8, 8]},
			"faces": {
				"north": {"uv": [0, 0, 0.5, 0.18], "texture": "#greenmetal_three"},
				"south": {"uv": [0, 0, 0.5, 0.18], "texture": "#greenmetal_three"},
				"west": {"uv": [0, 0, 0.9, 0.18], "texture": "#greenmetal_three"},
				"up": {"uv": [0, 0, 0.5, 0.9], "texture": "#greenmetal_three"},
				"down": {"uv": [0, 0, 0.5, 0.9], "texture": "#greenmetal_three"}
			}
		},
		{
			"from": [0.1, 7.89, 7.45],
			"to": [5.6, 8.11, 8.55],
			"rotation": {"angle": 22.5, "axis": "x", "origin": [20, 8, 8]},
			"faces": {
				"north": {"uv": [0, 0, 5.5, 0.22], "texture": "#greenmetal_three"},
				"south": {"uv": [0, 0, 5.5, 0.22], "texture": "#greenmetal_three"},
				"west": {"uv": [0, 0, 1.1, 0.22], "texture": "#greenmetal_three"},
				"up": {"uv": [0, 0, 5.5, 1.1], "texture": "#greenmetal_three"},
				"down": {"uv": [0, 0, 5.5, 1.1], "texture": "#greenmetal_three"}
			}
		},
		{
			"from": [0.1, 7.89, 7.45],
			"to": [5.6, 8.11, 8.55],
			"rotation": {"angle": -22.5, "axis": "x", "origin": [20, 8, 8]},
			"faces": {
				"north": {"uv": [0, 0, 5.5, 0.22], "texture": "#greenmetal_three"},
				"south": {"uv": [0, 0, 5.5, 0.22], "texture": "#greenmetal_three"},
				"west": {"uv": [0, 0, 1.1, 0.22], "texture": "#greenmetal_three"},
				"up": {"uv": [0, 0, 5.5, 1.1], "texture": "#greenmetal_three"},
				"down": {"uv": [0, 0, 5.5, 1.1], "texture": "#greenmetal_three"}
			}
		},
		{
			"from": [0.6, 7.87, 7.35],
			"to": [4.6, 8.13, 8.65],
			"rotation": {"angle": 22.5, "axis": "x", "origin": [20, 8, 8]},
			"faces": {
				"north": {"uv": [0, 0, 4, 0.26], "texture": "#greenmetal_three"},
				"east": {"uv": [0, 0, 1.3, 0.26], "texture": "#greenmetal_three"},
				"south": {"uv": [0, 0, 4, 0.26], "texture": "#greenmetal_three"},
				"west": {"uv": [0, 0, 1.3, 0.26], "texture": "#greenmetal_three"},
				"up": {"uv": [0, 0, 4, 1.3], "texture": "#greenmetal_three"},
				"down": {"uv": [0, 0, 4, 1.3], "texture": "#greenmetal_three"}
			}
		},
		{
			"from": [0.6, 7.87, 7.35],
			"to": [4.6, 8.13, 8.65],
			"rotation": {"angle": -22.5, "axis": "x", "origin": [20, 8, 8]},
			"faces": {
				"north": {"uv": [0, 0, 4, 0.26], "texture": "#greenmetal_three"},
				"east": {"uv": [0, 0, 1.3, 0.26], "texture": "#greenmetal_three"},
				"south": {"uv": [0, 0, 4, 0.26], "texture": "#greenmetal_three"},
				"west": {"uv": [0, 0, 1.3, 0.26], "texture": "#greenmetal_three"},
				"up": {"uv": [0, 0, 4, 1.3], "texture": "#greenmetal_three"},
				"down": {"uv": [0, 0, 4, 1.3], "texture": "#greenmetal_three"}
			}
		},
		{
			"from": [1.1, 7.85, 7.25],
			"to": [3.6, 8.15, 8.75],
			"rotation": {"angle": 22.5, "axis": "x", "origin": [20, 8, 8]},
			"faces": {
				"north": {"uv": [0, 0, 2.5, 0.3], "texture": "#greenmetal_three"},
				"east": {"uv": [0, 0, 1.5, 0.3], "texture": "#greenmetal_three"},
				"south": {"uv": [0, 0, 2.5, 0.3], "texture": "#greenmetal_three"},
				"west": {"uv": [0, 0, 1.5, 0.3], "texture": "#greenmetal_three"},
				"up": {"uv": [0, 0, 2.5, 1.5], "texture": "#greenmetal_three"},
				"down": {"uv": [0, 0, 2.5, 1.5], "texture": "#greenmetal_three"}
			}
		},
		{
			"from": [1.1, 7.85, 7.25],
			"to": [3.6, 8.15, 8.75],
			"rotation": {"angle": -22.5, "axis": "x", "origin": [20, 8, 8]},
			"faces": {
				"north": {"uv": [0, 0, 2.5, 0.3], "texture": "#greenmetal_three"},
				"east": {"uv": [0, 0, 1.5, 0.3], "texture": "#greenmetal_three"},
				"south": {"uv": [0, 0, 2.5, 0.3], "texture": "#greenmetal_three"},
				"west": {"uv": [0, 0, 1.5, 0.3], "texture": "#greenmetal_three"},
				"up": {"uv": [0, 0, 2.5, 1.5], "texture": "#greenmetal_three"},
				"down": {"uv": [0, 0, 2.5, 1.5], "texture": "#greenmetal_three"}
			}
		},
		{
			"from": [-0.9, 7.65, 7.93],
			"to": [-0.4, 8.35, 8.07],
			"rotation": {"angle": 22.5, "axis": "x", "origin": [20, 8, 8]},
			"faces": {
				"north": {"uv": [0, 0, 0.5, 0.7], "texture": "#greenmetal_three"},
				"south": {"uv": [0, 0, 0.5, 0.7], "texture": "#greenmetal_three"},
				"west": {"uv": [0, 0, 0.14, 0.7], "texture": "#greenmetal_three"},
				"up": {"uv": [0, 0, 0.5, 0.14], "texture": "#greenmetal_three"},
				"down": {"uv": [0, 0, 0.5, 0.14], "texture": "#greenmetal_three"}
			}
		},
		{
			"from": [-0.9, 7.65, 7.93],
			"to": [-0.4, 8.35, 8.07],
			"rotation": {"angle": 45, "axis": "x", "origin": [20, 8, 8]},
			"faces": {
				"north": {"uv": [0, 0, 0.5, 0.7], "texture": "#greenmetal_three"},
				"south": {"uv": [0, 0, 0.5, 0.7], "texture": "#greenmetal_three"},
				"west": {"uv": [0, 0, 0.14, 0.7], "texture": "#greenmetal_three"},
				"up": {"uv": [0, 0, 0.5, 0.14], "texture": "#greenmetal_three"},
				"down": {"uv": [0, 0, 0.5, 0.14], "texture": "#greenmetal_three"}
			}
		},
		{
			"from": [-0.9, 7.65, 7.93],
			"to": [-0.4, 8.35, 8.07],
			"rotation": {"angle": -22.5, "axis": "x", "origin": [20, 8, 8]},
			"faces": {
				"north": {"uv": [0, 0, 0.5, 0.7], "texture": "#greenmetal_three"},
				"south": {"uv": [0, 0, 0.5, 0.7], "texture": "#greenmetal_three"},
				"west": {"uv": [0, 0, 0.14, 0.7], "texture": "#greenmetal_three"},
				"up": {"uv": [0, 0, 0.5, 0.14], "texture": "#greenmetal_three"},
				"down": {"uv": [0, 0, 0.5, 0.14], "texture": "#greenmetal_three"}
			}
		},
		{
			"from": [-0.9, 7.65, 7.93],
			"to": [-0.4, 8.35, 8.07],
			"rotation": {"angle": -45, "axis": "x", "origin": [20, 8, 8]},
			"faces": {
				"north": {"uv": [0, 0, 0.5, 0.7], "texture": "#greenmetal_three"},
				"south": {"uv": [0, 0, 0.5, 0.7], "texture": "#greenmetal_three"},
				"west": {"uv": [0, 0, 0.14, 0.7], "texture": "#greenmetal_three"},
				"up": {"uv": [0, 0, 0.5, 0.14], "texture": "#greenmetal_three"},
				"down": {"uv": [0, 0, 0.5, 0.14], "texture": "#greenmetal_three"}
			}
		},
		{
			"from": [-0.4, 7.55, 7.91],
			"to": [0.1, 8.45, 8.09],
			"rotation": {"angle": 22.5, "axis": "x", "origin": [20, 8, 8]},
			"faces": {
				"north": {"uv": [0, 0, 0.5, 0.9], "texture": "#greenmetal_three"},
				"south": {"uv": [0, 0, 0.5, 0.9], "texture": "#greenmetal_three"},
				"west": {"uv": [0, 0, 0.18, 0.9], "texture": "#greenmetal_three"},
				"up": {"uv": [0, 0, 0.5, 0.18], "texture": "#greenmetal_three"},
				"down": {"uv": [0, 0, 0.5, 0.18], "texture": "#greenmetal_three"}
			}
		},
		{
			"from": [-0.4, 7.55, 7.91],
			"to": [0.1, 8.45, 8.09],
			"rotation": {"angle": 45, "axis": "x", "origin": [20, 8, 8]},
			"faces": {
				"north": {"uv": [0, 0, 0.5, 0.9], "texture": "#greenmetal_three"},
				"south": {"uv": [0, 0, 0.5, 0.9], "texture": "#greenmetal_three"},
				"west": {"uv": [0, 0, 0.18, 0.9], "texture": "#greenmetal_three"},
				"up": {"uv": [0, 0, 0.5, 0.18], "texture": "#greenmetal_three"},
				"down": {"uv": [0, 0, 0.5, 0.18], "texture": "#greenmetal_three"}
			}
		},
		{
			"from": [-0.4, 7.55, 7.91],
			"to": [0.1, 8.45, 8.09],
			"rotation": {"angle": -22.5, "axis": "x", "origin": [20, 8, 8]},
			"faces": {
				"north": {"uv": [0, 0, 0.5, 0.9], "texture": "#greenmetal_three"},
				"south": {"uv": [0, 0, 0.5, 0.9], "texture": "#greenmetal_three"},
				"west": {"uv": [0, 0, 0.18, 0.9], "texture": "#greenmetal_three"},
				"up": {"uv": [0, 0, 0.5, 0.18], "texture": "#greenmetal_three"},
				"down": {"uv": [0, 0, 0.5, 0.18], "texture": "#greenmetal_three"}
			}
		},
		{
			"from": [-0.4, 7.55, 7.91],
			"to": [0.1, 8.45, 8.09],
			"rotation": {"angle": -45, "axis": "x", "origin": [20, 8, 8]},
			"faces": {
				"north": {"uv": [0, 0, 0.5, 0.9], "texture": "#greenmetal_three"},
				"south": {"uv": [0, 0, 0.5, 0.9], "texture": "#greenmetal_three"},
				"west": {"uv": [0, 0, 0.18, 0.9], "texture": "#greenmetal_three"},
				"up": {"uv": [0, 0, 0.5, 0.18], "texture": "#greenmetal_three"},
				"down": {"uv": [0, 0, 0.5, 0.18], "texture": "#greenmetal_three"}
			}
		},
		{
			"from": [0.1, 7.45, 7.89],
			"to": [5.6, 8.55, 8.11],
			"rotation": {"angle": 22.5, "axis": "x", "origin": [20, 8, 8]},
			"faces": {
				"north": {"uv": [0, 0, 5.5, 1.1], "texture": "#greenmetal_three"},
				"south": {"uv": [0, 0, 5.5, 1.1], "texture": "#greenmetal_three"},
				"west": {"uv": [0, 0, 0.22, 1.1], "texture": "#greenmetal_three"},
				"up": {"uv": [0, 0, 5.5, 0.22], "texture": "#greenmetal_three"},
				"down": {"uv": [0, 0, 5.5, 0.22], "texture": "#greenmetal_three"}
			}
		},
		{
			"from": [0.1, 7.45, 7.89],
			"to": [5.6, 8.55, 8.11],
			"rotation": {"angle": 45, "axis": "x", "origin": [20, 8, 8]},
			"faces": {
				"north": {"uv": [0, 0, 5.5, 1.1], "texture": "#greenmetal_three"},
				"south": {"uv": [0, 0, 5.5, 1.1], "texture": "#greenmetal_three"},
				"west": {"uv": [0, 0, 0.22, 1.1], "texture": "#greenmetal_three"},
				"up": {"uv": [0, 0, 5.5, 0.22], "texture": "#greenmetal_three"},
				"down": {"uv": [0, 0, 5.5, 0.22], "texture": "#greenmetal_three"}
			}
		},
		{
			"from": [0.1, 7.45, 7.89],
			"to": [5.6, 8.55, 8.11],
			"rotation": {"angle": -22.5, "axis": "x", "origin": [20, 8, 8]},
			"faces": {
				"north": {"uv": [0, 0, 5.5, 1.1], "texture": "#greenmetal_three"},
				"south": {"uv": [0, 0, 5.5, 1.1], "texture": "#greenmetal_three"},
				"west": {"uv": [0, 0, 0.22, 1.1], "texture": "#greenmetal_three"},
				"up": {"uv": [0, 0, 5.5, 0.22], "texture": "#greenmetal_three"},
				"down": {"uv": [0, 0, 5.5, 0.22], "texture": "#greenmetal_three"}
			}
		},
		{
			"from": [0.1, 7.45, 7.89],
			"to": [5.6, 8.55, 8.11],
			"rotation": {"angle": -45, "axis": "x", "origin": [20, 8, 8]},
			"faces": {
				"north": {"uv": [0, 0, 5.5, 1.1], "texture": "#greenmetal_three"},
				"south": {"uv": [0, 0, 5.5, 1.1], "texture": "#greenmetal_three"},
				"west": {"uv": [0, 0, 0.22, 1.1], "texture": "#greenmetal_three"},
				"up": {"uv": [0, 0, 5.5, 0.22], "texture": "#greenmetal_three"},
				"down": {"uv": [0, 0, 5.5, 0.22], "texture": "#greenmetal_three"}
			}
		},
		{
			"from": [0.6, 7.35, 7.87],
			"to": [4.6, 8.65, 8.13],
			"rotation": {"angle": 22.5, "axis": "x", "origin": [20, 8, 8]},
			"faces": {
				"north": {"uv": [0, 0, 4, 1.3], "texture": "#greenmetal_three"},
				"east": {"uv": [0, 0, 0.26, 1.3], "texture": "#greenmetal_three"},
				"south": {"uv": [0, 0, 4, 1.3], "texture": "#greenmetal_three"},
				"west": {"uv": [0, 0, 0.26, 1.3], "texture": "#greenmetal_three"},
				"up": {"uv": [0, 0, 4, 0.26], "texture": "#greenmetal_three"},
				"down": {"uv": [0, 0, 4, 0.26], "texture": "#greenmetal_three"}
			}
		},
		{
			"from": [0.6, 7.35, 7.87],
			"to": [4.6, 8.65, 8.13],
			"rotation": {"angle": 45, "axis": "x", "origin": [20, 8, 8]},
			"faces": {
				"north": {"uv": [0, 0, 4, 1.3], "texture": "#greenmetal_three"},
				"east": {"uv": [0, 0, 0.26, 1.3], "texture": "#greenmetal_three"},
				"south": {"uv": [0, 0, 4, 1.3], "texture": "#greenmetal_three"},
				"west": {"uv": [0, 0, 0.26, 1.3], "texture": "#greenmetal_three"},
				"up": {"uv": [0, 0, 4, 0.26], "texture": "#greenmetal_three"},
				"down": {"uv": [0, 0, 4, 0.26], "texture": "#greenmetal_three"}
			}
		},
		{
			"from": [0.6, 7.35, 7.87],
			"to": [4.6, 8.65, 8.13],
			"rotation": {"angle": -22.5, "axis": "x", "origin": [20, 8, 8]},
			"faces": {
				"north": {"uv": [0, 0, 4, 1.3], "texture": "#greenmetal_three"},
				"east": {"uv": [0, 0, 0.26, 1.3], "texture": "#greenmetal_three"},
				"south": {"uv": [0, 0, 4, 1.3], "texture": "#greenmetal_three"},
				"west": {"uv": [0, 0, 0.26, 1.3], "texture": "#greenmetal_three"},
				"up": {"uv": [0, 0, 4, 0.26], "texture": "#greenmetal_three"},
				"down": {"uv": [0, 0, 4, 0.26], "texture": "#greenmetal_three"}
			}
		},
		{
			"from": [0.6, 7.35, 7.87],
			"to": [4.6, 8.65, 8.13],
			"rotation": {"angle": -45, "axis": "x", "origin": [20, 8, 8]},
			"faces": {
				"north": {"uv": [0, 0, 4, 1.3], "texture": "#greenmetal_three"},
				"east": {"uv": [0, 0, 0.26, 1.3], "texture": "#greenmetal_three"},
				"south": {"uv": [0, 0, 4, 1.3], "texture": "#greenmetal_three"},
				"west": {"uv": [0, 0, 0.26, 1.3], "texture": "#greenmetal_three"},
				"up": {"uv": [0, 0, 4, 0.26], "texture": "#greenmetal_three"},
				"down": {"uv": [0, 0, 4, 0.26], "texture": "#greenmetal_three"}
			}
		},
		{
			"from": [1.1, 7.25, 7.85],
			"to": [3.6, 8.75, 8.15],
			"rotation": {"angle": 22.5, "axis": "x", "origin": [20, 8, 8]},
			"faces": {
				"north": {"uv": [0, 0, 2.5, 1.5], "texture": "#greenmetal_three"},
				"east": {"uv": [0, 0, 0.3, 1.5], "texture": "#greenmetal_three"},
				"south": {"uv": [0, 0, 2.5, 1.5], "texture": "#greenmetal_three"},
				"west": {"uv": [0, 0, 0.3, 1.5], "texture": "#greenmetal_three"},
				"up": {"uv": [0, 0, 2.5, 0.3], "texture": "#greenmetal_three"},
				"down": {"uv": [0, 0, 2.5, 0.3], "texture": "#greenmetal_three"}
			}
		},
		{
			"from": [1.1, 7.25, 7.85],
			"to": [3.6, 8.75, 8.15],
			"rotation": {"angle": 45, "axis": "x", "origin": [20, 8, 8]},
			"faces": {
				"north": {"uv": [0, 0, 2.5, 1.5], "texture": "#greenmetal_three"},
				"east": {"uv": [0, 0, 0.3, 1.5], "texture": "#greenmetal_three"},
				"south": {"uv": [0, 0, 2.5, 1.5], "texture": "#greenmetal_three"},
				"west": {"uv": [0, 0, 0.3, 1.5], "texture": "#greenmetal_three"},
				"up": {"uv": [0, 0, 2.5, 0.3], "texture": "#greenmetal_three"},
				"down": {"uv": [0, 0, 2.5, 0.3], "texture": "#greenmetal_three"}
			}
		},
		{
			"from": [1.1, 7.25, 7.85],
			"to": [3.6, 8.75, 8.15],
			"rotation": {"angle": -22.5, "axis": "x", "origin": [20, 8, 8]},
			"faces": {
				"north": {"uv": [0, 0, 2.5, 1.5], "texture": "#greenmetal_three"},
				"east": {"uv": [0, 0, 0.3, 1.5], "texture": "#greenmetal_three"},
				"south": {"uv": [0, 0, 2.5, 1.5], "texture": "#greenmetal_three"},
				"west": {"uv": [0, 0, 0.3, 1.5], "texture": "#greenmetal_three"},
				"up": {"uv": [0, 0, 2.5, 0.3], "texture": "#greenmetal_three"},
				"down": {"uv": [0, 0, 2.5, 0.3], "texture": "#greenmetal_three"}
			}
		},
		{
			"from": [1.1, 7.25, 7.85],
			"to": [3.6, 8.75, 8.15],
			"rotation": {"angle": -45, "axis": "x", "origin": [20, 8, 8]},
			"faces": {
				"north": {"uv": [0, 0, 2.5, 1.5], "texture": "#greenmetal_three"},
				"east": {"uv": [0, 0, 0.3, 1.5], "texture": "#greenmetal_three"},
				"south": {"uv": [0, 0, 2.5, 1.5], "texture": "#greenmetal_three"},
				"west": {"uv": [0, 0, 0.3, 1.5], "texture": "#greenmetal_three"},
				"up": {"uv": [0, 0, 2.5, 0.3], "texture": "#greenmetal_three"},
				"down": {"uv": [0, 0, 2.5, 0.3], "texture": "#greenmetal_three"}
			}
		},
		{
			"from": [1.6, 7.1, 7.82],
			"to": [1.7, 8.9, 8.18],
			"rotation": {"angle": 0, "axis": "y", "origin": [12, 0, 0]},
			"faces": {
				"north": {"uv": [0, 0, 0.1, 1.8], "texture": "#graymetal_dark"},
				"south": {"uv": [0, 0, 0.1, 1.8], "texture": "#graymetal_dark"},
				"west": {"uv": [0, 0, 0.36, 1.8], "texture": "#graymetal_dark"},
				"up": {"uv": [0, 0, 0.1, 0.36], "texture": "#graymetal_dark"},
				"down": {"uv": [0, 0, 0.1, 0.36], "texture": "#graymetal_dark"}
			}
		},
		{
			"from": [1.6, 7.1, 7.82],
			"to": [1.7, 8.9, 8.18],
			"rotation": {"angle": 22.5, "axis": "x", "origin": [20, 8, 8]},
			"faces": {
				"north": {"uv": [0, 0, 0.1, 1.8], "texture": "#graymetal_dark"},
				"south": {"uv": [0, 0, 0.1, 1.8], "texture": "#graymetal_dark"},
				"west": {"uv": [0, 0, 0.36, 1.8], "texture": "#graymetal_dark"},
				"up": {"uv": [0, 0, 0.1, 0.36], "texture": "#graymetal_dark"},
				"down": {"uv": [0, 0, 0.1, 0.36], "texture": "#graymetal_dark"}
			}
		},
		{
			"from": [1.6, 7.1, 7.82],
			"to": [1.7, 8.9, 8.18],
			"rotation": {"angle": 45, "axis": "x", "origin": [20, 8, 8]},
			"faces": {
				"north": {"uv": [0, 0, 0.1, 1.8], "texture": "#graymetal_dark"},
				"south": {"uv": [0, 0, 0.1, 1.8], "texture": "#graymetal_dark"},
				"west": {"uv": [0, 0, 0.36, 1.8], "texture": "#graymetal_dark"},
				"up": {"uv": [0, 0, 0.1, 0.36], "texture": "#graymetal_dark"},
				"down": {"uv": [0, 0, 0.1, 0.36], "texture": "#graymetal_dark"}
			}
		},
		{
			"from": [1.6, 7.1, 7.82],
			"to": [1.7, 8.9, 8.18],
			"rotation": {"angle": -22.5, "axis": "x", "origin": [20, 8, 8]},
			"faces": {
				"north": {"uv": [0, 0, 0.1, 1.8], "texture": "#graymetal_dark"},
				"south": {"uv": [0, 0, 0.1, 1.8], "texture": "#graymetal_dark"},
				"west": {"uv": [0, 0, 0.36, 1.8], "texture": "#graymetal_dark"},
				"up": {"uv": [0, 0, 0.1, 0.36], "texture": "#graymetal_dark"},
				"down": {"uv": [0, 0, 0.1, 0.36], "texture": "#graymetal_dark"}
			}
		},
		{
			"from": [1.6, 7.1, 7.82],
			"to": [1.7, 8.9, 8.18],
			"rotation": {"angle": -45, "axis": "x", "origin": [20, 8, 8]},
			"faces": {
				"north": {"uv": [0, 0, 0.1, 1.8], "texture": "#graymetal_dark"},
				"south": {"uv": [0, 0, 0.1, 1.8], "texture": "#graymetal_dark"},
				"west": {"uv": [0, 0, 0.36, 1.8], "texture": "#graymetal_dark"},
				"up": {"uv": [0, 0, 0.1, 0.36], "texture": "#graymetal_dark"},
				"down": {"uv": [0, 0, 0.1, 0.36], "texture": "#graymetal_dark"}
			}
		},
		{
			"from": [1.6, 7.82, 7.1],
			"to": [1.7, 8.18, 8.9],
			"rotation": {"angle": 0, "axis": "y", "origin": [12, 0, 0]},
			"faces": {
				"north": {"uv": [0, 0, 0.1, 0.36], "texture": "#graymetal_dark"},
				"south": {"uv": [0, 0, 0.1, 0.36], "texture": "#graymetal_dark"},
				"west": {"uv": [0, 0, 1.8, 0.36], "texture": "#graymetal_dark"},
				"up": {"uv": [0, 0, 0.1, 1.8], "texture": "#graymetal_dark"},
				"down": {"uv": [0, 0, 0.1, 1.8], "texture": "#graymetal_dark"}
			}
		},
		{
			"from": [1.6, 7.82, 7.1],
			"to": [1.7, 8.18, 8.9],
			"rotation": {"angle": 22.5, "axis": "x", "origin": [20, 8, 8]},
			"faces": {
				"north": {"uv": [0, 0, 0.1, 0.36], "texture": "#graymetal_dark"},
				"south": {"uv": [0, 0, 0.1, 0.36], "texture": "#graymetal_dark"},
				"west": {"uv": [0, 0, 1.8, 0.36], "texture": "#graymetal_dark"},
				"up": {"uv": [0, 0, 0.1, 1.8], "texture": "#graymetal_dark"},
				"down": {"uv": [0, 0, 0.1, 1.8], "texture": "#graymetal_dark"}
			}
		},
		{
			"from": [1.6, 7.82, 7.1],
			"to": [1.7, 8.18, 8.9],
			"rotation": {"angle": -22.5, "axis": "x", "origin": [20, 8, 8]},
			"faces": {
				"north": {"uv": [0, 0, 0.1, 0.36], "texture": "#graymetal_dark"},
				"south": {"uv": [0, 0, 0.1, 0.36], "texture": "#graymetal_dark"},
				"west": {"uv": [0, 0, 1.8, 0.36], "texture": "#graymetal_dark"},
				"up": {"uv": [0, 0, 0.1, 1.8], "texture": "#graymetal_dark"},
				"down": {"uv": [0, 0, 0.1, 1.8], "texture": "#graymetal_dark"}
			}
		},
		{
			"from": [1.7, 7.1, 7.82],
			"to": [2.5, 8.9, 8.18],
			"rotation": {"angle": 0, "axis": "y", "origin": [12, 0, 0]},
			"faces": {
				"north": {"uv": [0, 0, 0.8, 1.8], "texture": "#greenmetal_three"},
				"south": {"uv": [0, 0, 0.8, 1.8], "texture": "#greenmetal_three"},
				"up": {"uv": [0, 0, 0.8, 0.36], "texture": "#greenmetal_three"},
				"down": {"uv": [0, 0, 0.8, 0.36], "texture": "#greenmetal_three"}
			}
		},
		{
			"from": [1.7, 7.1, 7.82],
			"to": [2.5, 8.9, 8.18],
			"rotation": {"angle": 22.5, "axis": "x", "origin": [20, 8, 8]},
			"faces": {
				"north": {"uv": [0, 0, 0.8, 1.8], "texture": "#greenmetal_three"},
				"south": {"uv": [0, 0, 0.8, 1.8], "texture": "#greenmetal_three"},
				"up": {"uv": [0, 0, 0.8, 0.36], "texture": "#greenmetal_three"},
				"down": {"uv": [0, 0, 0.8, 0.36], "texture": "#greenmetal_three"}
			}
		},
		{
			"from": [1.7, 7.1, 7.82],
			"to": [2.5, 8.9, 8.18],
			"rotation": {"angle": 45, "axis": "x", "origin": [20, 8, 8]},
			"faces": {
				"north": {"uv": [0, 0, 0.8, 1.8], "texture": "#greenmetal_three"},
				"south": {"uv": [0, 0, 0.8, 1.8], "texture": "#greenmetal_three"},
				"up": {"uv": [0, 0, 0.8, 0.36], "texture": "#greenmetal_three"},
				"down": {"uv": [0, 0, 0.8, 0.36], "texture": "#greenmetal_three"}
			}
		},
		{
			"from": [1.7, 7.1, 7.82],
			"to": [2.5, 8.9, 8.18],
			"rotation": {"angle": -22.5, "axis": "x", "origin": [20, 8, 8]},
			"faces": {
				"north": {"uv": [0, 0, 0.8, 1.8], "texture": "#greenmetal_three"},
				"south": {"uv": [0, 0, 0.8, 1.8], "texture": "#greenmetal_three"},
				"up": {"uv": [0, 0, 0.8, 0.36], "texture": "#greenmetal_three"},
				"down": {"uv": [0, 0, 0.8, 0.36], "texture": "#greenmetal_three"}
			}
		},
		{
			"from": [1.7, 7.1, 7.82],
			"to": [2.5, 8.9, 8.18],
			"rotation": {"angle": -45, "axis": "x", "origin": [20, 8, 8]},
			"faces": {
				"north": {"uv": [0, 0, 0.8, 1.8], "texture": "#greenmetal_three"},
				"south": {"uv": [0, 0, 0.8, 1.8], "texture": "#greenmetal_three"},
				"up": {"uv": [0, 0, 0.8, 0.36], "texture": "#greenmetal_three"},
				"down": {"uv": [0, 0, 0.8, 0.36], "texture": "#greenmetal_three"}
			}
		},
		{
			"from": [1.7, 7.82, 7.1],
			"to": [2.5, 8.18, 8.9],
			"rotation": {"angle": 0, "axis": "y", "origin": [12, 0, 0]},
			"faces": {
				"north": {"uv": [0, 0, 0.8, 0.36], "texture": "#greenmetal_three"},
				"south": {"uv": [0, 0, 0.8, 0.36], "texture": "#greenmetal_three"},
				"up": {"uv": [0, 0, 0.8, 1.8], "texture": "#greenmetal_three"},
				"down": {"uv": [0, 0, 0.8, 1.8], "texture": "#greenmetal_three"}
			}
		},
		{
			"from": [1.7, 7.82, 7.1],
			"to": [2.5, 8.18, 8.9],
			"rotation": {"angle": 22.5, "axis": "x", "origin": [20, 8, 8]},
			"faces": {
				"north": {"uv": [0, 0, 0.8, 0.36], "texture": "#greenmetal_three"},
				"south": {"uv": [0, 0, 0.8, 0.36], "texture": "#greenmetal_three"},
				"up": {"uv": [0, 0, 0.8, 1.8], "texture": "#greenmetal_three"},
				"down": {"uv": [0, 0, 0.8, 1.8], "texture": "#greenmetal_three"}
			}
		},
		{
			"from": [1.7, 7.82, 7.1],
			"to": [2.5, 8.18, 8.9],
			"rotation": {"angle": -22.5, "axis": "x", "origin": [20, 8, 8]},
			"faces": {
				"north": {"uv": [0, 0, 0.8, 0.36], "texture": "#greenmetal_three"},
				"south": {"uv": [0, 0, 0.8, 0.36], "texture": "#greenmetal_three"},
				"up": {"uv": [0, 0, 0.8, 1.8], "texture": "#greenmetal_three"},
				"down": {"uv": [0, 0, 0.8, 1.8], "texture": "#greenmetal_three"}
			}
		},
		{
			"from": [2.5, 7.82, 7.1],
			"to": [2.6, 8.18, 8.9],
			"rotation": {"angle": 0, "axis": "y", "origin": [12, 0, 0]},
			"faces": {
				"north": {"uv": [0, 0, 0.1, 0.36], "texture": "#graymetal_dark"},
				"east": {"uv": [0, 0, 1.8, 0.36], "texture": "#graymetal_dark"},
				"south": {"uv": [0, 0, 0.1, 0.36], "texture": "#graymetal_dark"},
				"up": {"uv": [0, 0, 0.1, 1.8], "texture": "#graymetal_dark"},
				"down": {"uv": [0, 0, 0.1, 1.8], "texture": "#graymetal_dark"}
			}
		},
		{
			"from": [2.5, 7.82, 7.1],
			"to": [2.6, 8.18, 8.9],
			"rotation": {"angle": 22.5, "axis": "x", "origin": [20, 8, 8]},
			"faces": {
				"north": {"uv": [0, 0, 0.1, 0.36], "texture": "#graymetal_dark"},
				"east": {"uv": [0, 0, 1.8, 0.36], "texture": "#graymetal_dark"},
				"south": {"uv": [0, 0, 0.1, 0.36], "texture": "#graymetal_dark"},
				"up": {"uv": [0, 0, 0.1, 1.8], "texture": "#graymetal_dark"},
				"down": {"uv": [0, 0, 0.1, 1.8], "texture": "#graymetal_dark"}
			}
		},
		{
			"from": [2.5, 7.82, 7.1],
			"to": [2.6, 8.18, 8.9],
			"rotation": {"angle": -22.5, "axis": "x", "origin": [20, 8, 8]},
			"faces": {
				"north": {"uv": [0, 0, 0.1, 0.36], "texture": "#graymetal_dark"},
				"east": {"uv": [0, 0, 1.8, 0.36], "texture": "#graymetal_dark"},
				"south": {"uv": [0, 0, 0.1, 0.36], "texture": "#graymetal_dark"},
				"up": {"uv": [0, 0, 0.1, 1.8], "texture": "#graymetal_dark"},
				"down": {"uv": [0, 0, 0.1, 1.8], "texture": "#graymetal_dark"}
			}
		},
		{
			"from": [2.5, 7.1, 7.82],
			"to": [2.6, 8.9, 8.18],
			"rotation": {"angle": 0, "axis": "y", "origin": [12, 0, 0]},
			"faces": {
				"north": {"uv": [0, 0, 0.1, 1.8], "texture": "#graymetal_dark"},
				"east": {"uv": [0, 0, 0.36, 1.8], "texture": "#graymetal_dark"},
				"south": {"uv": [0, 0, 0.1, 1.8], "texture": "#graymetal_dark"},
				"up": {"uv": [0, 0, 0.1, 0.36], "texture": "#graymetal_dark"},
				"down": {"uv": [0, 0, 0.1, 0.36], "texture": "#graymetal_dark"}
			}
		},
		{
			"from": [2.5, 7.1, 7.82],
			"to": [2.6, 8.9, 8.18],
			"rotation": {"angle": 22.5, "axis": "x", "origin": [20, 8, 8]},
			"faces": {
				"north": {"uv": [0, 0, 0.1, 1.8], "texture": "#graymetal_dark"},
				"east": {"uv": [0, 0, 0.36, 1.8], "texture": "#graymetal_dark"},
				"south": {"uv": [0, 0, 0.1, 1.8], "texture": "#graymetal_dark"},
				"up": {"uv": [0, 0, 0.1, 0.36], "texture": "#graymetal_dark"},
				"down": {"uv": [0, 0, 0.1, 0.36], "texture": "#graymetal_dark"}
			}
		},
		{
			"from": [2.5, 7.1, 7.82],
			"to": [2.6, 8.9, 8.18],
			"rotation": {"angle": 45, "axis": "x", "origin": [20, 8, 8]},
			"faces": {
				"north": {"uv": [0, 0, 0.1, 1.8], "texture": "#graymetal_dark"},
				"east": {"uv": [0, 0, 0.36, 1.8], "texture": "#graymetal_dark"},
				"south": {"uv": [0, 0, 0.1, 1.8], "texture": "#graymetal_dark"},
				"up": {"uv": [0, 0, 0.1, 0.36], "texture": "#graymetal_dark"},
				"down": {"uv": [0, 0, 0.1, 0.36], "texture": "#graymetal_dark"}
			}
		},
		{
			"from": [2.5, 7.1, 7.82],
			"to": [2.6, 8.9, 8.18],
			"rotation": {"angle": -22.5, "axis": "x", "origin": [20, 8, 8]},
			"faces": {
				"north": {"uv": [0, 0, 0.1, 1.8], "texture": "#graymetal_dark"},
				"east": {"uv": [0, 0, 0.36, 1.8], "texture": "#graymetal_dark"},
				"south": {"uv": [0, 0, 0.1, 1.8], "texture": "#graymetal_dark"},
				"up": {"uv": [0, 0, 0.1, 0.36], "texture": "#graymetal_dark"},
				"down": {"uv": [0, 0, 0.1, 0.36], "texture": "#graymetal_dark"}
			}
		},
		{
			"from": [2.5, 7.1, 7.82],
			"to": [2.6, 8.9, 8.18],
			"rotation": {"angle": -45, "axis": "x", "origin": [20, 8, 8]},
			"faces": {
				"north": {"uv": [0, 0, 0.1, 1.8], "texture": "#graymetal_dark"},
				"east": {"uv": [0, 0, 0.36, 1.8], "texture": "#graymetal_dark"},
				"south": {"uv": [0, 0, 0.1, 1.8], "texture": "#graymetal_dark"},
				"up": {"uv": [0, 0, 0.1, 0.36], "texture": "#graymetal_dark"},
				"down": {"uv": [0, 0, 0.1, 0.36], "texture": "#graymetal_dark"}
			}
		},
		{
			"from": [5.6, 7.45, 7.89],
			"to": [5.7, 8.55, 8.11],
			"rotation": {"angle": 0, "axis": "y", "origin": [12, 0, 0]},
			"faces": {
				"north": {"uv": [0, 0, 0.1, 1.1], "texture": "#graymetal_dark"},
				"south": {"uv": [0, 0, 0.1, 1.1], "texture": "#graymetal_dark"},
				"up": {"uv": [0, 0, 0.1, 0.22], "texture": "#graymetal_dark"},
				"down": {"uv": [0, 0, 0.1, 0.22], "texture": "#graymetal_dark"}
			}
		},
		{
			"from": [5.6, 7.45, 7.89],
			"to": [5.7, 8.55, 8.11],
			"rotation": {"angle": 22.5, "axis": "x", "origin": [20, 8, 8]},
			"faces": {
				"north": {"uv": [0, 0, 0.1, 1.1], "texture": "#graymetal_dark"},
				"south": {"uv": [0, 0, 0.1, 1.1], "texture": "#graymetal_dark"},
				"up": {"uv": [0, 0, 0.1, 0.22], "texture": "#graymetal_dark"},
				"down": {"uv": [0, 0, 0.1, 0.22], "texture": "#graymetal_dark"}
			}
		},
		{
			"from": [5.6, 7.45, 7.89],
			"to": [5.7, 8.55, 8.11],
			"rotation": {"angle": 45, "axis": "x", "origin": [20, 8, 8]},
			"faces": {
				"north": {"uv": [0, 0, 0.1, 1.1], "texture": "#graymetal_dark"},
				"south": {"uv": [0, 0, 0.1, 1.1], "texture": "#graymetal_dark"},
				"up": {"uv": [0, 0, 0.1, 0.22], "texture": "#graymetal_dark"},
				"down": {"uv": [0, 0, 0.1, 0.22], "texture": "#graymetal_dark"}
			}
		},
		{
			"from": [5.6, 7.45, 7.89],
			"to": [5.7, 8.55, 8.11],
			"rotation": {"angle": -22.5, "axis": "x", "origin": [20, 8, 8]},
			"faces": {
				"north": {"uv": [0, 0, 0.1, 1.1], "texture": "#graymetal_dark"},
				"south": {"uv": [0, 0, 0.1, 1.1], "texture": "#graymetal_dark"},
				"up": {"uv": [0, 0, 0.1, 0.22], "texture": "#graymetal_dark"},
				"down": {"uv": [0, 0, 0.1, 0.22], "texture": "#graymetal_dark"}
			}
		},
		{
			"from": [5.6, 7.45, 7.89],
			"to": [5.7, 8.55, 8.11],
			"rotation": {"angle": -45, "axis": "x", "origin": [20, 8, 8]},
			"faces": {
				"north": {"uv": [0, 0, 0.1, 1.1], "texture": "#graymetal_dark"},
				"south": {"uv": [0, 0, 0.1, 1.1], "texture": "#graymetal_dark"},
				"up": {"uv": [0, 0, 0.1, 0.22], "texture": "#graymetal_dark"},
				"down": {"uv": [0, 0, 0.1, 0.22], "texture": "#graymetal_dark"}
			}
		},
		{
			"from": [5.6, 7.89, 7.45],
			"to": [5.7, 8.11, 8.55],
			"rotation": {"angle": 0, "axis": "y", "origin": [12, 0, 0]},
			"faces": {
				"north": {"uv": [0, 0, 0.1, 0.22], "texture": "#graymetal_dark"},
				"south": {"uv": [0, 0, 0.1, 0.22], "texture": "#graymetal_dark"},
				"up": {"uv": [0, 0, 0.1, 1.1], "texture": "#graymetal_dark"},
				"down": {"uv": [0, 0, 0.1, 1.1], "texture": "#graymetal_dark"}
			}
		},
		{
			"from": [5.6, 7.89, 7.45],
			"to": [5.7, 8.11, 8.55],
			"rotation": {"angle": 22.5, "axis": "x", "origin": [20, 8, 8]},
			"faces": {
				"north": {"uv": [0, 0, 0.1, 0.22], "texture": "#graymetal_dark"},
				"south": {"uv": [0, 0, 0.1, 0.22], "texture": "#graymetal_dark"},
				"up": {"uv": [0, 0, 0.1, 1.1], "texture": "#graymetal_dark"},
				"down": {"uv": [0, 0, 0.1, 1.1], "texture": "#graymetal_dark"}
			}
		},
		{
			"from": [5.6, 7.89, 7.45],
			"to": [5.7, 8.11, 8.55],
			"rotation": {"angle": -22.5, "axis": "x", "origin": [20, 8, 8]},
			"faces": {
				"north": {"uv": [0, 0, 0.1, 0.22], "texture": "#graymetal_dark"},
				"south": {"uv": [0, 0, 0.1, 0.22], "texture": "#graymetal_dark"},
				"up": {"uv": [0, 0, 0.1, 1.1], "texture": "#graymetal_dark"},
				"down": {"uv": [0, 0, 0.1, 1.1], "texture": "#graymetal_dark"}
			}
		},
		{
			"from": [5.7, 7.35, 7.87],
			"to": [6.7, 8.65, 8.13],
			"rotation": {"angle": 0, "axis": "y", "origin": [12, 0, 0]},
			"faces": {
				"north": {"uv": [0, 0, 1, 1.3], "texture": "#greenmetal_three"},
				"east": {"uv": [0, 0, 0.26, 1.3], "texture": "#greenmetal_three"},
				"south": {"uv": [0, 0, 1, 1.3], "texture": "#greenmetal_three"},
				"west": {"uv": [0, 0, 0.26, 1.3], "texture": "#greenmetal_three"},
				"up": {"uv": [0, 0, 1, 0.26], "texture": "#greenmetal_three"},
				"down": {"uv": [0, 0, 1, 0.26], "texture": "#greenmetal_three"}
			}
		},
		{
			"from": [5.7, 7.35, 7.87],
			"to": [6.7, 8.65, 8.13],
			"rotation": {"angle": 22.5, "axis": "x", "origin": [20, 8, 8]},
			"faces": {
				"north": {"uv": [0, 0, 1, 1.3], "texture": "#greenmetal_three"},
				"east": {"uv": [0, 0, 0.26, 1.3], "texture": "#greenmetal_three"},
				"south": {"uv": [0, 0, 1, 1.3], "texture": "#greenmetal_three"},
				"west": {"uv": [0, 0, 0.26, 1.3], "texture": "#greenmetal_three"},
				"up": {"uv": [0, 0, 1, 0.26], "texture": "#greenmetal_three"},
				"down": {"uv": [0, 0, 1, 0.26], "texture": "#greenmetal_three"}
			}
		},
		{
			"from": [5.7, 7.35, 7.87],
			"to": [6.7, 8.65, 8.13],
			"rotation": {"angle": 45, "axis": "x", "origin": [20, 8, 8]},
			"faces": {
				"north": {"uv": [0, 0, 1, 1.3], "texture": "#greenmetal_three"},
				"south": {"uv": [0, 0, 1, 1.3], "texture": "#greenmetal_three"},
				"west": {"uv": [0, 0, 0.26, 1.3], "texture": "#greenmetal_three"},
				"up": {"uv": [0, 0, 1, 0.26], "texture": "#greenmetal_three"},
				"down": {"uv": [0, 0, 1, 0.26], "texture": "#greenmetal_three"}
			}
		},
		{
			"from": [5.7, 7.35, 7.87],
			"to": [6.7, 8.65, 8.13],
			"rotation": {"angle": -22.5, "axis": "x", "origin": [20, 8, 8]},
			"faces": {
				"north": {"uv": [0, 0, 1, 1.3], "texture": "#greenmetal_three"},
				"east": {"uv": [0, 0, 0.26, 1.3], "texture": "#greenmetal_three"},
				"south": {"uv": [0, 0, 1, 1.3], "texture": "#greenmetal_three"},
				"west": {"uv": [0, 0, 0.26, 1.3], "texture": "#greenmetal_three"},
				"up": {"uv": [0, 0, 1, 0.26], "texture": "#greenmetal_three"},
				"down": {"uv": [0, 0, 1, 0.26], "texture": "#greenmetal_three"}
			}
		},
		{
			"from": [5.7, 7.35, 7.87],
			"to": [6.7, 8.65, 8.13],
			"rotation": {"angle": -45, "axis": "x", "origin": [20, 8, 8]},
			"faces": {
				"north": {"uv": [0, 0, 1, 1.3], "texture": "#greenmetal_three"},
				"south": {"uv": [0, 0, 1, 1.3], "texture": "#greenmetal_three"},
				"west": {"uv": [0, 0, 0.26, 1.3], "texture": "#greenmetal_three"},
				"up": {"uv": [0, 0, 1, 0.26], "texture": "#greenmetal_three"},
				"down": {"uv": [0, 0, 1, 0.26], "texture": "#greenmetal_three"}
			}
		},
		{
			"from": [5.7, 7.87, 7.35],
			"to": [6.7, 8.13, 8.65],
			"rotation": {"angle": 0, "axis": "y", "origin": [12, 0, 0]},
			"faces": {
				"north": {"uv": [0, 0, 1, 0.26], "texture": "#greenmetal_three"},
				"east": {"uv": [0, 0, 1.3, 0.26], "texture": "#greenmetal_three"},
				"south": {"uv": [0, 0, 1, 0.26], "texture": "#greenmetal_three"},
				"west": {"uv": [0, 0, 1.3, 0.26], "texture": "#greenmetal_three"},
				"up": {"uv": [0, 0, 1, 1.3], "texture": "#greenmetal_three"},
				"down": {"uv": [0, 0, 1, 1.3], "texture": "#greenmetal_three"}
			}
		},
		{
			"from": [5.7, 7.87, 7.35],
			"to": [6.7, 8.13, 8.65],
			"rotation": {"angle": 22.5, "axis": "x", "origin": [20, 8, 8]},
			"faces": {
				"north": {"uv": [0, 0, 1, 0.26], "texture": "#greenmetal_three"},
				"east": {"uv": [0, 0, 1.3, 0.26], "texture": "#greenmetal_three"},
				"south": {"uv": [0, 0, 1, 0.26], "texture": "#greenmetal_three"},
				"west": {"uv": [0, 0, 1.3, 0.26], "texture": "#greenmetal_three"},
				"up": {"uv": [0, 0, 1, 1.3], "texture": "#greenmetal_three"},
				"down": {"uv": [0, 0, 1, 1.3], "texture": "#greenmetal_three"}
			}
		},
		{
			"from": [5.7, 7.87, 7.35],
			"to": [6.7, 8.13, 8.65],
			"rotation": {"angle": -22.5, "axis": "x", "origin": [20, 8, 8]},
			"faces": {
				"north": {"uv": [0, 0, 1, 0.26], "texture": "#greenmetal_three"},
				"east": {"uv": [0, 0, 1.3, 0.26], "texture": "#greenmetal_three"},
				"south": {"uv": [0, 0, 1, 0.26], "texture": "#greenmetal_three"},
				"west": {"uv": [0, 0, 1.3, 0.26], "texture": "#greenmetal_three"},
				"up": {"uv": [0, 0, 1, 1.3], "texture": "#greenmetal_three"},
				"down": {"uv": [0, 0, 1, 1.3], "texture": "#greenmetal_three"}
			}
		},
		{
			"from": [6.2, 7.15, 7.87],
			"to": [6.7, 8.85, 8.13],
			"rotation": {"angle": 45, "axis": "x", "origin": [20, 8, 8]},
			"faces": {
				"north": {"uv": [0, 0, 0.5, 1.7], "texture": "#greenmetal_three"},
				"east": {"uv": [0, 0, 0.26, 1.7], "texture": "#greenmetal_three"},
				"south": {"uv": [0, 0, 0.5, 1.7], "texture": "#greenmetal_three"},
				"west": {"uv": [0, 0, 0.26, 1.7], "texture": "#greenmetal_three"},
				"up": {"uv": [0, 0, 0.5, 0.26], "texture": "#greenmetal_three"},
				"down": {"uv": [0, 0, 0.5, 0.26], "texture": "#greenmetal_three"}
			}
		},
		{
			"from": [6.2, 7.15, 7.87],
			"to": [6.7, 8.85, 8.13],
			"rotation": {"angle": -45, "axis": "x", "origin": [20, 8, 8]},
			"faces": {
				"north": {"uv": [0, 0, 0.5, 1.7], "texture": "#greenmetal_three"},
				"east": {"uv": [0, 0, 0.26, 1.7], "texture": "#greenmetal_three"},
				"south": {"uv": [0, 0, 0.5, 1.7], "texture": "#greenmetal_three"},
				"west": {"uv": [0, 0, 0.26, 1.7], "texture": "#greenmetal_three"},
				"up": {"uv": [0, 0, 0.5, 0.26], "texture": "#greenmetal_three"},
				"down": {"uv": [0, 0, 0.5, 0.26], "texture": "#greenmetal_three"}
			}
		},
		{
			"from": [6.7, 7.45, 7.89],
			"to": [7.7, 8.55, 8.11],
			"rotation": {"angle": 0, "axis": "y", "origin": [12, 0, 0]},
			"faces": {
				"north": {"uv": [0, 0, 1, 1.1], "texture": "#lime_terracotta"},
				"east": {"uv": [0, 0, 0.22, 1.1], "texture": "#lime_terracotta"},
				"south": {"uv": [0, 0, 1, 1.1], "texture": "#lime_terracotta"},
				"up": {"uv": [0, 0, 1, 0.22], "texture": "#lime_terracotta"},
				"down": {"uv": [0, 0, 1, 0.22], "texture": "#lime_terracotta"}
			}
		},
		{
			"from": [6.7, 7.45, 7.89],
			"to": [7.7, 8.55, 8.11],
			"rotation": {"angle": 45, "axis": "x", "origin": [20, 8, 8]},
			"faces": {
				"north": {"uv": [0, 0, 1, 1.1], "texture": "#lime_terracotta"},
				"east": {"uv": [0, 0, 0.22, 1.1], "texture": "#lime_terracotta"},
				"south": {"uv": [0, 0, 1, 1.1], "texture": "#lime_terracotta"},
				"up": {"uv": [0, 0, 1, 0.22], "texture": "#lime_terracotta"},
				"down": {"uv": [0, 0, 1, 0.22], "texture": "#lime_terracotta"}
			}
		},
		{
			"from": [6.7, 7.45, 7.89],
			"to": [7.7, 8.55, 8.11],
			"rotation": {"angle": 22.5, "axis": "x", "origin": [20, 8, 8]},
			"faces": {
				"north": {"uv": [0, 0, 1, 1.1], "texture": "#lime_terracotta"},
				"east": {"uv": [0, 0, 0.22, 1.1], "texture": "#lime_terracotta"},
				"south": {"uv": [0, 0, 1, 1.1], "texture": "#lime_terracotta"},
				"up": {"uv": [0, 0, 1, 0.22], "texture": "#lime_terracotta"},
				"down": {"uv": [0, 0, 1, 0.22], "texture": "#lime_terracotta"}
			}
		},
		{
			"from": [6.7, 7.45, 7.89],
			"to": [7.7, 8.55, 8.11],
			"rotation": {"angle": -45, "axis": "x", "origin": [20, 8, 8]},
			"faces": {
				"north": {"uv": [0, 0, 1, 1.1], "texture": "#lime_terracotta"},
				"east": {"uv": [0, 0, 0.22, 1.1], "texture": "#lime_terracotta"},
				"south": {"uv": [0, 0, 1, 1.1], "texture": "#lime_terracotta"},
				"up": {"uv": [0, 0, 1, 0.22], "texture": "#lime_terracotta"},
				"down": {"uv": [0, 0, 1, 0.22], "texture": "#lime_terracotta"}
			}
		},
		{
			"from": [6.7, 7.89, 7.45],
			"to": [7.7, 8.11, 8.55],
			"rotation": {"angle": 0, "axis": "y", "origin": [12, 0, 0]},
			"faces": {
				"north": {"uv": [0, 0, 1, 0.22], "texture": "#lime_terracotta"},
				"east": {"uv": [0, 0, 1.1, 0.22], "texture": "#lime_terracotta"},
				"south": {"uv": [0, 0, 1, 0.22], "texture": "#lime_terracotta"},
				"up": {"uv": [0, 0, 1, 1.1], "texture": "#lime_terracotta"},
				"down": {"uv": [0, 0, 1, 1.1], "texture": "#lime_terracotta"}
			}
		},
		{
			"from": [6.7, 7.89, 7.45],
			"to": [7.7, 8.11, 8.55],
			"rotation": {"angle": 22.5, "axis": "x", "origin": [20, 8, 8]},
			"faces": {
				"north": {"uv": [0, 0, 1, 0.22], "texture": "#lime_terracotta"},
				"east": {"uv": [0, 0, 1.1, 0.22], "texture": "#lime_terracotta"},
				"south": {"uv": [0, 0, 1, 0.22], "texture": "#lime_terracotta"},
				"up": {"uv": [0, 0, 1, 1.1], "texture": "#lime_terracotta"},
				"down": {"uv": [0, 0, 1, 1.1], "texture": "#lime_terracotta"}
			}
		},
		{
			"from": [6.7, 7.89, 7.45],
			"to": [7.7, 8.11, 8.55],
			"rotation": {"angle": -22.5, "axis": "x", "origin": [20, 8, 8]},
			"faces": {
				"north": {"uv": [0, 0, 1, 0.22], "texture": "#lime_terracotta"},
				"east": {"uv": [0, 0, 1.1, 0.22], "texture": "#lime_terracotta"},
				"south": {"uv": [0, 0, 1, 0.22], "texture": "#lime_terracotta"},
				"up": {"uv": [0, 0, 1, 1.1], "texture": "#lime_terracotta"},
				"down": {"uv": [0, 0, 1, 1.1], "texture": "#lime_terracotta"}
			}
		},
		{
			"from": [7.7, 7.55, 7.91],
			"to": [15.2, 8.45, 8.09],
			"rotation": {"angle": 0, "axis": "y", "origin": [12, 0, 0]},
			"faces": {
				"north": {"uv": [0, 0, 1.5, 0.9], "texture": "#lime_terracotta"},
				"east": {"uv": [0, 0, 0.18, 0.9], "texture": "#lime_terracotta"},
				"south": {"uv": [0, 0, 1.5, 0.9], "texture": "#lime_terracotta"},
				"up": {"uv": [0, 0, 1.5, 0.18], "texture": "#lime_terracotta"},
				"down": {"uv": [0, 0, 1.5, 0.18], "texture": "#lime_terracotta"}
			}
		},
		{
			"from": [7.7, 7.55, 7.91],
			"to": [15.2, 8.45, 8.09],
			"rotation": {"angle": 22.5, "axis": "x", "origin": [20, 8, 8]},
			"faces": {
				"north": {"uv": [0, 0, 1.5, 0.9], "texture": "#lime_terracotta"},
				"east": {"uv": [0, 0, 0.18, 0.9], "texture": "#lime_terracotta"},
				"south": {"uv": [0, 0, 1.5, 0.9], "texture": "#lime_terracotta"},
				"up": {"uv": [0, 0, 1.5, 0.18], "texture": "#lime_terracotta"},
				"down": {"uv": [0, 0, 1.5, 0.18], "texture": "#lime_terracotta"}
			}
		},
		{
			"from": [7.7, 7.55, 7.91],
			"to": [15.2, 8.45, 8.09],
			"rotation": {"angle": 45, "axis": "x", "origin": [20, 8, 8]},
			"faces": {
				"north": {"uv": [0, 0, 1.5, 0.9], "texture": "#lime_terracotta"},
				"east": {"uv": [0, 0, 0.18, 0.9], "texture": "#lime_terracotta"},
				"south": {"uv": [0, 0, 1.5, 0.9], "texture": "#lime_terracotta"},
				"up": {"uv": [0, 0, 1.5, 0.18], "texture": "#lime_terracotta"},
				"down": {"uv": [0, 0, 1.5, 0.18], "texture": "#lime_terracotta"}
			}
		},
		{
			"from": [7.7, 7.55, 7.91],
			"to": [15.2, 8.45, 8.09],
			"rotation": {"angle": -22.5, "axis": "x", "origin": [20, 8, 8]},
			"faces": {
				"north": {"uv": [0, 0, 1.5, 0.9], "texture": "#lime_terracotta"},
				"east": {"uv": [0, 0, 0.18, 0.9], "texture": "#lime_terracotta"},
				"south": {"uv": [0, 0, 1.5, 0.9], "texture": "#lime_terracotta"},
				"up": {"uv": [0, 0, 1.5, 0.18], "texture": "#lime_terracotta"},
				"down": {"uv": [0, 0, 1.5, 0.18], "texture": "#lime_terracotta"}
			}
		},
		{
			"from": [7.7, 7.55, 7.91],
			"to": [15.2, 8.45, 8.09],
			"rotation": {"angle": -45, "axis": "x", "origin": [20, 8, 8]},
			"faces": {
				"north": {"uv": [0, 0, 1.5, 0.9], "texture": "#lime_terracotta"},
				"east": {"uv": [0, 0, 0.18, 0.9], "texture": "#lime_terracotta"},
				"south": {"uv": [0, 0, 1.5, 0.9], "texture": "#lime_terracotta"},
				"up": {"uv": [0, 0, 1.5, 0.18], "texture": "#lime_terracotta"},
				"down": {"uv": [0, 0, 1.5, 0.18], "texture": "#lime_terracotta"}
			}
		},
		{
			"from": [7.7, 7.91, 7.55],
			"to": [15.2, 8.09, 8.45],
			"rotation": {"angle": 0, "axis": "y", "origin": [12, 0, 0]},
			"faces": {
				"north": {"uv": [0, 0, 1.5, 0.18], "texture": "#lime_terracotta"},
				"east": {"uv": [0, 0, 0.9, 0.18], "texture": "#lime_terracotta"},
				"south": {"uv": [0, 0, 1.5, 0.18], "texture": "#lime_terracotta"},
				"up": {"uv": [0, 0, 1.5, 0.9], "texture": "#lime_terracotta"},
				"down": {"uv": [0, 0, 1.5, 0.9], "texture": "#lime_terracotta"}
			}
		},
		{
			"from": [7.7, 7.91, 7.55],
			"to": [15.2, 8.09, 8.45],
			"rotation": {"angle": 22.5, "axis": "x", "origin": [20, 8, 8]},
			"faces": {
				"north": {"uv": [0, 0, 1.5, 0.18], "texture": "#lime_terracotta"},
				"east": {"uv": [0, 0, 0.9, 0.18], "texture": "#lime_terracotta"},
				"south": {"uv": [0, 0, 1.5, 0.18], "texture": "#lime_terracotta"},
				"up": {"uv": [0, 0, 1.5, 0.9], "texture": "#lime_terracotta"},
				"down": {"uv": [0, 0, 1.5, 0.9], "texture": "#lime_terracotta"}
			}
		},
		{
			"from": [7.7, 7.91, 7.55],
			"to": [15.2, 8.09, 8.45],
			"rotation": {"angle": -22.5, "axis": "x", "origin": [20, 8, 8]},
			"faces": {
				"north": {"uv": [0, 0, 1.5, 0.18], "texture": "#lime_terracotta"},
				"east": {"uv": [0, 0, 0.9, 0.18], "texture": "#lime_terracotta"},
				"south": {"uv": [0, 0, 1.5, 0.18], "texture": "#lime_terracotta"},
				"up": {"uv": [0, 0, 1.5, 0.9], "texture": "#lime_terracotta"},
				"down": {"uv": [0, 0, 1.5, 0.9], "texture": "#lime_terracotta"}
			}
		},
		{
			"from": [6.7, 7.45, 7.89],
			"to": [7.7, 8.55, 8.11],
			"rotation": {"angle": -22.5, "axis": "x", "origin": [20, 8, 8]},
			"faces": {
				"north": {"uv": [0, 0, 1, 1.1], "texture": "#lime_terracotta"},
				"east": {"uv": [0, 0, 0.22, 1.1], "texture": "#lime_terracotta"},
				"south": {"uv": [0, 0, 1, 1.1], "texture": "#lime_terracotta"},
				"up": {"uv": [0, 0, 1, 0.22], "texture": "#lime_terracotta"},
				"down": {"uv": [0, 0, 1, 0.22], "texture": "#lime_terracotta"}
			}
		}
	],
	"gui_light": "front",
	"display": {
		"thirdperson_righthand": {
			"rotation": [90, -90, 0],
			"translation": [0, 1, 0.25]
		},
		"thirdperson_lefthand": {
			"rotation": [90, 90, 0],
			"translation": [0, 1, 0.25]
		},
		"firstperson_righthand": {
			"rotation": [90, -90, 0],
			"translation": [-4.5, 3, 0.5]
		},
		"firstperson_lefthand": {
			"rotation": [90, 90, 0],
			"translation": [-4.5, 3, 0.5]
		},
		"ground": {
			"rotation": [0, 0, -45],
			"translation": [0, 2.25, 0]
		},
		"gui": {
			"rotation": [30, 45, 0],
			"translation": [1.15, 0.75, 0],
			"scale": [1.25, 1.25, 1.25]
		},
		"head": {
			"rotation": [0, -90, 0]
		},
		"fixed": {
			"rotation": [0, 180, 0]
		}
	},
	"groups": [
		{
			"name": "ammo_rocket",
			"origin": [8, 8, 8],
			"children": [
				{
					"name": "rpg7",
					"origin": [8, 8, 8],
					"children": [
						{
							"name": "rpg7",
							"origin": [8, 8, 8],
							"children": [0, 1, 2, 3, 4, 5, 6, 7, 8, 9, 10, 11, 12, 13, 14, 15, 16, 17, 18, 19, 20, 21, 22, 23, 24, 25, 26, 27, 28, 29, 30, 31, 32, 33, 34, 35, 36, 37, 38, 39, 40, 41, 42, 43, 44, 45, 46, 47, 48, 49, 50, 51, 52, 53, 54, 55, 56, 57, 58, 59, 60, 61, 62, 63, 64, 65, 66, 67, 68, 69, 70, 71, 72, 73, 74, 75, 76, 77, 78, 79, 80, 81, 82, 83, 84, 85, 86, 87, 88, 89, 90, 91, 92, 93, 94, 95, 96, 97, 98, 99, 100, 101, 102, 103, 104, 105, 106, 107, 108, 109, 110, 111, 112, 113, 114, 115, 116, 117, 118, 119, 120, 121]
						}
					]
				}
			]
		}
	]
}