{"definitions":[{"image":"fokastudio:textures/tooltips/dragonblade.png","index":0,"startColor":"#FF00FF_#F3F3F3_#FF00FF","endColor":"purple_#F3F3F3_purple","bgEndColor":"#42215B","priority":0,"selectors":["&foka.special_item=dragonblade","&foka.special_item=ender_insignia","&foka.special_item=shulker_armor","&foka.special_item=shulker_tool","&foka.special_item=ancient_armor","&foka.special_item=crest_of_the_end"]},{"image":"fokastudio:textures/tooltips/sariel.png","index":0,"startColor":"#ECECEC","endColor":"#FFEFAD","bgEndColor":"#91865B","priority":0,"selectors":["&foka.special_item=sariel","&foka.special_item=sabrewing","&foka.special_item=pixie_dust","&foka.special_item=hallowed_armor"]},{"image":"fokastudio:textures/tooltips/sharanga.png","index":0,"startColor":"#FF6B6B","endColor":"#A52E2E","bgEndColor":"#250A0E","priority":0,"selectors":["&foka.special_item=sharanga"]},{"image":"fokastudio:textures/tooltips/clockwork_crossbow.png","index":0,"priority":0,"selectors":["&foka.special_item=clockwork_crossbow"]},{"image":"fokastudio:textures/tooltips/cursed_tome.png","index":0,"priority":0,"selectors":["&foka.special_item=cursed_tome","&foka.special_item=pandoras_barrel"]},{"image":"fokastudio:textures/tooltips/living_flesh.png","index":0,"priority":0,"startColor":"#E53F3F","endColor":"#A70000","selectors":["&foka.special_item=living_flesh"]},{"image":"fokastudio:textures/tooltips/prismatic_punch.png","startColor":"red_gold_yellow_lime_green_light_blue_blue_magenta_purple","endColor":"red_gold_yellow_lime_green_light_blue_blue_magenta_purple","selectors":["&foka.special_item=prismatic_punch","&foka.special_item=prismatic_pearl"]},{"image":"fokastudio:textures/tooltips/pufferfish.png","startColor":"#F9F9F9","endColor":"#FFB826","selectors":["&foka.special_item=pufferfish"]},{"image":"fokastudio:textures/tooltips/duskberry.png","startColor":"#8100CB","endColor":"#39005A","selectors":["&foka.special_item=duskberry"]},{"image":"fokastudio:textures/tooltips/zephyr.png","startColor":"#9D9D9D","endColor":"#9D9D9D","selectors":["&foka.special_item=zephyr"]},{"image":"fokastudio:textures/tooltips/pufferfish.png","startColor":"#FFDB6C","endColor":"#FFDB6C","selectors":["&foka.special_item=starstruck_carcanet"]},{"image":"fokastudio:textures/tooltips/living_flesh.png","index":0,"priority":0,"startColor":"#B2B2B2","endColor":"#4F4F4F","selectors":["&foka.special_item=tamaris"]}]}