{"multipart":[{"when":{"north":"true"},"apply":{"model":"minecraft:block/chorus_plant_side"}},{"when":{"east":"true"},"apply":{"model":"minecraft:block/chorus_plant_side","y":90,"uvlock":true}},{"when":{"south":"true"},"apply":{"model":"minecraft:block/chorus_plant_side","y":180,"uvlock":true}},{"when":{"west":"true"},"apply":{"model":"minecraft:block/chorus_plant_side","y":270,"uvlock":true}},{"when":{"up":"true"},"apply":{"model":"minecraft:block/chorus_plant_side","x":270,"uvlock":true}},{"when":{"down":"true"},"apply":{"model":"minecraft:block/chorus_plant_side","x":90,"uvlock":true}},{"when":{"north":"false"},"apply":[{"model":"minecraft:block/chorus_plant_noside","weight":2},{"model":"minecraft:block/chorus_plant_noside1"},{"model":"minecraft:block/chorus_plant_noside2"},{"model":"minecraft:block/chorus_plant_noside3"}]},{"when":{"east":"false"},"apply":[{"model":"minecraft:block/chorus_plant_noside1","y":90,"uvlock":true},{"model":"minecraft:block/chorus_plant_noside2","y":90,"uvlock":true},{"model":"minecraft:block/chorus_plant_noside3","y":90,"uvlock":true},{"model":"minecraft:block/chorus_plant_noside","y":90,"uvlock":true,"weight":2}]},{"when":{"south":"false"},"apply":[{"model":"minecraft:block/chorus_plant_noside2","y":180,"uvlock":true},{"model":"minecraft:block/chorus_plant_noside3","y":180,"uvlock":true},{"model":"minecraft:block/chorus_plant_noside","y":180,"uvlock":true,"weight":2},{"model":"minecraft:block/chorus_plant_noside1","y":180,"uvlock":true}]},{"when":{"west":"false"},"apply":[{"model":"minecraft:block/chorus_plant_noside3","y":270,"uvlock":true},{"model":"minecraft:block/chorus_plant_noside","y":270,"uvlock":true,"weight":2},{"model":"minecraft:block/chorus_plant_noside1","y":270,"uvlock":true},{"model":"minecraft:block/chorus_plant_noside2","y":270,"uvlock":true}]},{"when":{"up":"false"},"apply":[{"model":"minecraft:block/chorus_plant_noside","x":270,"uvlock":true,"weight":2},{"model":"minecraft:block/chorus_plant_noside3","x":270,"uvlock":true},{"model":"minecraft:block/chorus_plant_noside1","x":270,"uvlock":true},{"model":"minecraft:block/chorus_plant_noside2","x":270,"uvlock":true}]},{"when":{"down":"false"},"apply":[{"model":"minecraft:block/chorus_plant_noside3","x":90,"uvlock":true},{"model":"minecraft:block/chorus_plant_noside2","x":90,"uvlock":true},{"model":"minecraft:block/chorus_plant_noside1","x":90,"uvlock":true},{"model":"minecraft:block/chorus_plant_noside","x":90,"uvlock":true,"weight":2}]},{"when":{"up":"true"},"apply":[{"model":"minecraft:block/chorus_plant/leaves_1"},{"model":"minecraft:block/chorus_plant/leaves_2"},{"model":"minecraft:block/chorus_plant/leaves_3"},{"model":"minecraft:block/chorus_plant/leaves_4"}]},{"when":{"north":"true","down":"false"},"apply":{"model":"minecraft:block/chorus_plant/hanging_leaves"}},{"when":{"east":"true","down":"false"},"apply":{"model":"minecraft:block/chorus_plant/hanging_leaves","y":90,"uvlock":true}},{"when":{"south":"true","down":"false"},"apply":{"model":"minecraft:block/chorus_plant/hanging_leaves","y":180,"uvlock":true}},{"when":{"west":"true","down":"false"},"apply":{"model":"minecraft:block/chorus_plant/hanging_leaves","y":270,"uvlock":true}}]}