{"variants":{"age=0":{"model":"minecraft:block/chorus_flower"},"age=1":{"model":"minecraft:block/chorus_flower"},"age=2":{"model":"minecraft:block/chorus_flower"},"age=3":{"model":"minecraft:block/chorus_flower"},"age=4":{"model":"minecraft:block/chorus_flower"},"age=5":[{"model":"minecraft:block/chorus_flower_dead","weight":3},{"model":"minecraft:block/chorus_flower_dead_1","weight":6},{"model":"minecraft:block/chorus_flower_dead_2"},{"model":"minecraft:block/chorus_flower_dead_2","y":90},{"model":"minecraft:block/chorus_flower_dead_2","y":180},{"model":"minecraft:block/chorus_flower_dead_2","y":270},{"model":"minecraft:block/chorus_flower_dead_3","weight":2}]}}