{
    "sources": [
        {
            "type": "directory",
            "source": "ammo",
            "prefix": "ammo/"
        },
        {
            "type": "directory",
            "source": "block",
            "prefix": "block/"
        },
        {
            "type": "directory",
            "source": "blocks",
            "prefix": "blocks/"
        },
        {
            "type": "directory",
            "source": "gui",
            "prefix": "gui/"
        },
        {
            "type": "directory",
            "source": "item",
            "prefix": "item/"
        },
        {
            "type": "directory",
            "source": "misc",
            "prefix": "misc/"
        },
        {
            "type": "directory",
            "source": "rosstail",
            "prefix": "rosstail/"
        }
    ]
}
