{
	"credit": "Made with Blockbench",
	"textures": {
		"1": "block/color/black",
		"color_red": "block/color/red"
	},
	"elements": [
		{
			"from": [-15.8, 7.15, 7.949],
			"to": [-15.749, 8.85, 8.051],
			"faces": {
				"north": {"uv": [0, 0, 0.01, 7], "texture": "#color_red"},
				"east": {"uv": [0, 0, 0.1, 1], "texture": "#color_red"},
				"south": {"uv": [0, 0, 0.01, 7], "texture": "#color_red"},
				"west": {"uv": [0, 0, 0.1, 1], "texture": "#color_red"},
				"up": {"uv": [0, 0, 1, 0.1], "texture": "#color_red"},
				"down": {"uv": [0, 0, 1, 0.1], "texture": "#color_red"}
			}
		},
		{
			"from": [-15.8, 7.949, 7.15],
			"to": [-15.749, 8.051, 8.85],
			"faces": {
				"north": {"uv": [0, 0, 1, 0.1], "texture": "#color_red"},
				"east": {"uv": [0, 0, 1, 0.1], "texture": "#color_red"},
				"south": {"uv": [0, 0, 1, 0.1], "texture": "#color_red"},
				"west": {"uv": [0, 0, 1, 0.1], "texture": "#color_red"},
				"up": {"uv": [0, 0, 0.01, 7], "texture": "#color_red"},
				"down": {"uv": [0, 0, 0.01, 7], "texture": "#color_red"}
			}
		},
		{
			"from": [-15.8, 4.43, -9.85],
			"to": [30.1, 11.57, -7.3],
			"faces": {
				"north": {"uv": [0, 0, 1, 0.1], "texture": "#1"},
				"east": {"uv": [0, 0, 1, 0.1], "texture": "#1"},
				"south": {"uv": [0, 0, 1, 0.1], "texture": "#1"},
				"west": {"uv": [0, 0, 1, 0.1], "texture": "#1"},
				"up": {"uv": [0, 0, 9, 0.5], "texture": "#1"},
				"down": {"uv": [0, 0, 9, 0.5], "texture": "#1"}
			}
		},
		{
			"from": [-15.8, -9.85, 4.43],
			"to": [30.1, -7.3, 11.57],
			"faces": {
				"north": {"uv": [0, 0, 1, 0.1], "texture": "#1"},
				"east": {"uv": [0, 0, 1, 0.1], "texture": "#1"},
				"south": {"uv": [0, 0, 1, 0.1], "texture": "#1"},
				"west": {"uv": [0, 0, 1, 0.1], "texture": "#1"},
				"up": {"uv": [0, 0, 9, 1.4], "texture": "#1"},
				"down": {"uv": [0, 0, 9, 1.4], "texture": "#1"}
			}
		},
		{
			"from": [-15.8, 23.3, 4.43],
			"to": [30.1, 25.85, 11.57],
			"faces": {
				"north": {"uv": [0, 0, 1, 0.1], "texture": "#1"},
				"east": {"uv": [0, 0, 1, 0.1], "texture": "#1"},
				"south": {"uv": [0, 0, 1, 0.1], "texture": "#1"},
				"west": {"uv": [0, 0, 1, 0.1], "texture": "#1"},
				"up": {"uv": [0, 0, 9, 1.4], "texture": "#1"},
				"down": {"uv": [0, 0, 9, 1.4], "texture": "#1"}
			}
		},
		{
			"from": [-15.8, 4.43, 23.3],
			"to": [30.1, 11.57, 25.85],
			"faces": {
				"north": {"uv": [0, 0, 1, 0.1], "texture": "#1"},
				"east": {"uv": [0, 0, 1, 0.1], "texture": "#1"},
				"south": {"uv": [0, 0, 1, 0.1], "texture": "#1"},
				"west": {"uv": [0, 0, 1, 0.1], "texture": "#1"},
				"up": {"uv": [0, 0, 9, 0.5], "texture": "#1"},
				"down": {"uv": [0, 0, 9, 0.5], "texture": "#1"}
			}
		},
		{
			"from": [-15.8, 23.3, 4.43],
			"to": [30.1, 25.85, 11.57],
			"rotation": {"angle": 22.5, "axis": "x", "origin": [25, 8, 8]},
			"faces": {
				"north": {"uv": [0, 0, 1, 0.1], "texture": "#1"},
				"east": {"uv": [0, 0, 1, 0.1], "texture": "#1"},
				"south": {"uv": [0, 0, 1, 0.1], "texture": "#1"},
				"west": {"uv": [0, 0, 1, 0.1], "texture": "#1"},
				"up": {"uv": [0, 0, 9, 1.4], "texture": "#1"},
				"down": {"uv": [0, 0, 9, 1.4], "texture": "#1"}
			}
		},
		{
			"from": [-15.8, 23.3, 4.43],
			"to": [30.1, 25.85, 11.57],
			"rotation": {"angle": 45, "axis": "x", "origin": [25, 8, 8]},
			"faces": {
				"north": {"uv": [0, 0, 1, 0.1], "texture": "#1"},
				"east": {"uv": [0, 0, 1, 0.1], "texture": "#1"},
				"south": {"uv": [0, 0, 1, 0.1], "texture": "#1"},
				"west": {"uv": [0, 0, 1, 0.1], "texture": "#1"},
				"up": {"uv": [0, 0, 9, 1.4], "texture": "#1"},
				"down": {"uv": [0, 0, 9, 1.4], "texture": "#1"}
			}
		},
		{
			"from": [-15.8, 23.3, 4.43],
			"to": [30.1, 25.85, 11.57],
			"rotation": {"angle": -22.5, "axis": "x", "origin": [25, 8, 8]},
			"faces": {
				"north": {"uv": [0, 0, 1, 0.1], "texture": "#1"},
				"east": {"uv": [0, 0, 1, 0.1], "texture": "#1"},
				"south": {"uv": [0, 0, 1, 0.1], "texture": "#1"},
				"west": {"uv": [0, 0, 1, 0.1], "texture": "#1"},
				"up": {"uv": [0, 0, 9, 1.4], "texture": "#1"},
				"down": {"uv": [0, 0, 9, 1.4], "texture": "#1"}
			}
		},
		{
			"from": [-15.8, 23.3, 4.43],
			"to": [30.1, 25.85, 11.57],
			"rotation": {"angle": -45, "axis": "x", "origin": [25, 8, 8]},
			"faces": {
				"north": {"uv": [0, 0, 1, 0.1], "texture": "#1"},
				"east": {"uv": [0, 0, 1, 0.1], "texture": "#1"},
				"south": {"uv": [0, 0, 1, 0.1], "texture": "#1"},
				"west": {"uv": [0, 0, 1, 0.1], "texture": "#1"},
				"up": {"uv": [0, 0, 9, 1.4], "texture": "#1"},
				"down": {"uv": [0, 0, 9, 1.4], "texture": "#1"}
			}
		},
		{
			"from": [-15.8, 4.43, -9.85],
			"to": [30.1, 11.57, -7.3],
			"rotation": {"angle": 22.5, "axis": "x", "origin": [25, 8, 8]},
			"faces": {
				"north": {"uv": [0, 0, 1, 0.1], "texture": "#1"},
				"east": {"uv": [0, 0, 1, 0.1], "texture": "#1"},
				"south": {"uv": [0, 0, 1, 0.1], "texture": "#1"},
				"west": {"uv": [0, 0, 1, 0.1], "texture": "#1"},
				"up": {"uv": [0, 0, 9, 0.5], "texture": "#1"},
				"down": {"uv": [0, 0, 9, 0.5], "texture": "#1"}
			}
		},
		{
			"from": [-15.8, 4.43, -9.85],
			"to": [30.1, 11.57, -7.3],
			"rotation": {"angle": -22.5, "axis": "x", "origin": [25, 8, 8]},
			"faces": {
				"north": {"uv": [0, 0, 1, 0.1], "texture": "#1"},
				"east": {"uv": [0, 0, 1, 0.1], "texture": "#1"},
				"south": {"uv": [0, 0, 1, 0.1], "texture": "#1"},
				"west": {"uv": [0, 0, 1, 0.1], "texture": "#1"},
				"up": {"uv": [0, 0, 9, 0.5], "texture": "#1"},
				"down": {"uv": [0, 0, 9, 0.5], "texture": "#1"}
			}
		},
		{
			"from": [-15.8, 4.43, 23.3],
			"to": [30.1, 11.57, 25.85],
			"rotation": {"angle": 22.5, "axis": "x", "origin": [25, 8, 8]},
			"faces": {
				"north": {"uv": [0, 0, 1, 0.1], "texture": "#1"},
				"east": {"uv": [0, 0, 1, 0.1], "texture": "#1"},
				"south": {"uv": [0, 0, 1, 0.1], "texture": "#1"},
				"west": {"uv": [0, 0, 1, 0.1], "texture": "#1"},
				"up": {"uv": [0, 0, 9, 0.5], "texture": "#1"},
				"down": {"uv": [0, 0, 9, 0.5], "texture": "#1"}
			}
		},
		{
			"from": [-15.8, 4.43, 23.3],
			"to": [30.1, 11.57, 25.85],
			"rotation": {"angle": -22.5, "axis": "x", "origin": [25, 8, 8]},
			"faces": {
				"north": {"uv": [0, 0, 1, 0.1], "texture": "#1"},
				"east": {"uv": [0, 0, 1, 0.1], "texture": "#1"},
				"south": {"uv": [0, 0, 1, 0.1], "texture": "#1"},
				"west": {"uv": [0, 0, 1, 0.1], "texture": "#1"},
				"up": {"uv": [0, 0, 9, 0.5], "texture": "#1"},
				"down": {"uv": [0, 0, 9, 0.5], "texture": "#1"}
			}
		},
		{
			"from": [-15.8, -9.85, 4.43],
			"to": [30.1, -7.3, 11.57],
			"rotation": {"angle": 22.5, "axis": "x", "origin": [25, 8, 8]},
			"faces": {
				"north": {"uv": [0, 0, 1, 0.1], "texture": "#1"},
				"east": {"uv": [0, 0, 1, 0.1], "texture": "#1"},
				"south": {"uv": [0, 0, 1, 0.1], "texture": "#1"},
				"west": {"uv": [0, 0, 1, 0.1], "texture": "#1"},
				"up": {"uv": [0, 0, 9, 1.4], "texture": "#1"},
				"down": {"uv": [0, 0, 9, 1.4], "texture": "#1"}
			}
		},
		{
			"from": [-15.8, -9.85, 4.43],
			"to": [30.1, -7.3, 11.57],
			"rotation": {"angle": 45, "axis": "x", "origin": [25, 8, 8]},
			"faces": {
				"north": {"uv": [0, 0, 1, 0.1], "texture": "#1"},
				"east": {"uv": [0, 0, 1, 0.1], "texture": "#1"},
				"south": {"uv": [0, 0, 1, 0.1], "texture": "#1"},
				"west": {"uv": [0, 0, 1, 0.1], "texture": "#1"},
				"up": {"uv": [0, 0, 9, 1.4], "texture": "#1"},
				"down": {"uv": [0, 0, 9, 1.4], "texture": "#1"}
			}
		},
		{
			"from": [-15.8, -9.85, 4.43],
			"to": [30.1, -7.3, 11.57],
			"rotation": {"angle": -22.5, "axis": "x", "origin": [25, 8, 8]},
			"faces": {
				"north": {"uv": [0, 0, 1, 0.1], "texture": "#1"},
				"east": {"uv": [0, 0, 1, 0.1], "texture": "#1"},
				"south": {"uv": [0, 0, 1, 0.1], "texture": "#1"},
				"west": {"uv": [0, 0, 1, 0.1], "texture": "#1"},
				"up": {"uv": [0, 0, 9, 1.4], "texture": "#1"},
				"down": {"uv": [0, 0, 9, 1.4], "texture": "#1"}
			}
		},
		{
			"from": [-15.8, -9.85, 4.43],
			"to": [30.1, -7.3, 11.57],
			"rotation": {"angle": -45, "axis": "x", "origin": [25, 8, 8]},
			"faces": {
				"north": {"uv": [0, 0, 1, 0.1], "texture": "#1"},
				"east": {"uv": [0, 0, 1, 0.1], "texture": "#1"},
				"south": {"uv": [0, 0, 1, 0.1], "texture": "#1"},
				"west": {"uv": [0, 0, 1, 0.1], "texture": "#1"},
				"up": {"uv": [0, 0, 9, 1.4], "texture": "#1"},
				"down": {"uv": [0, 0, 9, 1.4], "texture": "#1"}
			}
		},
		{
			"from": [-15.8, 7.949, 10.15],
			"to": [-15.749, 8.051, 23.85],
			"faces": {
				"east": {"uv": [0, 0, 1, 0.1], "texture": "#1"},
				"west": {"uv": [0, 0, 1, 0.1], "texture": "#1"},
				"up": {"uv": [0, 0, 0.01, 7], "texture": "#1"},
				"down": {"uv": [0, 0, 0.01, 7], "texture": "#1"}
			}
		},
		{
			"from": [-15.8, 7.949, -7.85],
			"to": [-15.749, 8.051, 5.85],
			"faces": {
				"east": {"uv": [0, 0, 1, 0.1], "texture": "#1"},
				"west": {"uv": [0, 0, 1, 0.1], "texture": "#1"},
				"up": {"uv": [0, 0, 0.01, 7], "texture": "#1"},
				"down": {"uv": [0, 0, 0.01, 7], "texture": "#1"}
			}
		},
		{
			"from": [-15.8, -7.85, 7.949],
			"to": [-15.749, 5.85, 8.051],
			"faces": {
				"north": {"uv": [0, 0, 0.01, 7], "texture": "#1"},
				"east": {"uv": [0, 0, 0.1, 1], "texture": "#1"},
				"south": {"uv": [0, 0, 0.01, 7], "texture": "#1"},
				"west": {"uv": [0, 0, 0.1, 1], "texture": "#1"}
			}
		},
		{
			"from": [-15.8, 10.15, 7.949],
			"to": [-15.749, 23.85, 8.051],
			"faces": {
				"north": {"uv": [0, 0, 0.01, 7], "texture": "#1"},
				"east": {"uv": [0, 0, 0.1, 1], "texture": "#1"},
				"south": {"uv": [0, 0, 0.01, 7], "texture": "#1"},
				"west": {"uv": [0, 0, 0.1, 1], "texture": "#1"}
			}
		},
		{
			"from": [-15.8, 10.15, 7.749],
			"to": [-15.749, 10.23, 8.251],
			"faces": {
				"north": {"uv": [0, 0, 0.01, 7], "texture": "#1"},
				"east": {"uv": [0, 0, 0.1, 1], "texture": "#1"},
				"south": {"uv": [0, 0, 0.01, 7], "texture": "#1"},
				"west": {"uv": [0, 0, 0.1, 1], "texture": "#1"},
				"up": {"uv": [0, 0, 1, 0.1], "texture": "#1"},
				"down": {"uv": [0, 0, 1, 0.1], "texture": "#1"}
			}
		},
		{
			"from": [-15.8, 14.15, 7.849],
			"to": [-15.749, 24.27, 8.151],
			"faces": {
				"north": {"uv": [0, 0, 0.01, 7], "texture": "#1"},
				"east": {"uv": [0, 0, 0.1, 1], "texture": "#1"},
				"south": {"uv": [0, 0, 0.01, 7], "texture": "#1"},
				"west": {"uv": [0, 0, 0.1, 1], "texture": "#1"},
				"down": {"uv": [0, 0, 1, 0.1], "texture": "#1"}
			}
		},
		{
			"from": [-15.8, -7.85, 7.849],
			"to": [-15.749, 1.77, 8.151],
			"faces": {
				"north": {"uv": [0, 0, 0.01, 7], "texture": "#1"},
				"east": {"uv": [0, 0, 0.1, 1], "texture": "#1"},
				"south": {"uv": [0, 0, 0.01, 7], "texture": "#1"},
				"west": {"uv": [0, 0, 0.1, 1], "texture": "#1"},
				"up": {"uv": [0, 0, 1, 0.1], "texture": "#1"}
			}
		},
		{
			"from": [-15.8, 5.79, 7.749],
			"to": [-15.749, 5.87, 8.251],
			"faces": {
				"north": {"uv": [0, 0, 0.01, 7], "texture": "#1"},
				"east": {"uv": [0, 0, 0.1, 1], "texture": "#1"},
				"south": {"uv": [0, 0, 0.01, 7], "texture": "#1"},
				"west": {"uv": [0, 0, 0.1, 1], "texture": "#1"},
				"up": {"uv": [0, 0, 1, 0.1], "texture": "#1"},
				"down": {"uv": [0, 0, 1, 0.1], "texture": "#1"}
			}
		},
		{
			"from": [-15.8, 4.79, 7.749],
			"to": [-15.749, 4.87, 8.251],
			"faces": {
				"north": {"uv": [0, 0, 0.01, 7], "texture": "#1"},
				"east": {"uv": [0, 0, 0.1, 1], "texture": "#1"},
				"south": {"uv": [0, 0, 0.01, 7], "texture": "#1"},
				"west": {"uv": [0, 0, 0.1, 1], "texture": "#1"},
				"up": {"uv": [0, 0, 1, 0.1], "texture": "#1"},
				"down": {"uv": [0, 0, 1, 0.1], "texture": "#1"}
			}
		},
		{
			"from": [-15.8, 3.79, 7.749],
			"to": [-15.749, 3.87, 8.251],
			"faces": {
				"north": {"uv": [0, 0, 0.01, 7], "texture": "#1"},
				"east": {"uv": [0, 0, 0.1, 1], "texture": "#1"},
				"south": {"uv": [0, 0, 0.01, 7], "texture": "#1"},
				"west": {"uv": [0, 0, 0.1, 1], "texture": "#1"},
				"up": {"uv": [0, 0, 1, 0.1], "texture": "#1"},
				"down": {"uv": [0, 0, 1, 0.1], "texture": "#1"}
			}
		},
		{
			"from": [-15.8, 2.79, 7.749],
			"to": [-15.749, 2.87, 8.251],
			"faces": {
				"north": {"uv": [0, 0, 0.01, 7], "texture": "#1"},
				"east": {"uv": [0, 0, 0.1, 1], "texture": "#1"},
				"south": {"uv": [0, 0, 0.01, 7], "texture": "#1"},
				"west": {"uv": [0, 0, 0.1, 1], "texture": "#1"},
				"up": {"uv": [0, 0, 1, 0.1], "texture": "#1"},
				"down": {"uv": [0, 0, 1, 0.1], "texture": "#1"}
			}
		},
		{
			"from": [-15.8, 2.29, 7.549],
			"to": [-15.749, 2.37, 8.451],
			"faces": {
				"north": {"uv": [0, 0, 0.01, 7], "texture": "#1"},
				"east": {"uv": [0, 0, 0.1, 1], "texture": "#1"},
				"south": {"uv": [0, 0, 0.01, 7], "texture": "#1"},
				"west": {"uv": [0, 0, 0.1, 1], "texture": "#1"},
				"up": {"uv": [0, 0, 1, 0.1], "texture": "#1"},
				"down": {"uv": [0, 0, 1, 0.1], "texture": "#1"}
			}
		},
		{
			"from": [-15.8, 3.29, 7.549],
			"to": [-15.749, 3.37, 8.451],
			"faces": {
				"north": {"uv": [0, 0, 0.01, 7], "texture": "#1"},
				"east": {"uv": [0, 0, 0.1, 1], "texture": "#1"},
				"south": {"uv": [0, 0, 0.01, 7], "texture": "#1"},
				"west": {"uv": [0, 0, 0.1, 1], "texture": "#1"},
				"up": {"uv": [0, 0, 1, 0.1], "texture": "#1"},
				"down": {"uv": [0, 0, 1, 0.1], "texture": "#1"}
			}
		},
		{
			"from": [-15.8, 4.29, 7.549],
			"to": [-15.749, 4.37, 8.451],
			"faces": {
				"north": {"uv": [0, 0, 0.01, 7], "texture": "#1"},
				"east": {"uv": [0, 0, 0.1, 1], "texture": "#1"},
				"south": {"uv": [0, 0, 0.01, 7], "texture": "#1"},
				"west": {"uv": [0, 0, 0.1, 1], "texture": "#1"},
				"up": {"uv": [0, 0, 1, 0.1], "texture": "#1"},
				"down": {"uv": [0, 0, 1, 0.1], "texture": "#1"}
			}
		},
		{
			"from": [-15.8, 5.29, 7.549],
			"to": [-15.749, 5.37, 8.451],
			"faces": {
				"north": {"uv": [0, 0, 0.01, 7], "texture": "#1"},
				"east": {"uv": [0, 0, 0.1, 1], "texture": "#1"},
				"south": {"uv": [0, 0, 0.01, 7], "texture": "#1"},
				"west": {"uv": [0, 0, 0.1, 1], "texture": "#1"},
				"up": {"uv": [0, 0, 1, 0.1], "texture": "#1"},
				"down": {"uv": [0, 0, 1, 0.1], "texture": "#1"}
			}
		},
		{
			"from": [-15.8, 11.15, 7.749],
			"to": [-15.749, 11.23, 8.251],
			"faces": {
				"north": {"uv": [0, 0, 0.01, 7], "texture": "#1"},
				"east": {"uv": [0, 0, 0.1, 1], "texture": "#1"},
				"south": {"uv": [0, 0, 0.01, 7], "texture": "#1"},
				"west": {"uv": [0, 0, 0.1, 1], "texture": "#1"},
				"up": {"uv": [0, 0, 1, 0.1], "texture": "#1"},
				"down": {"uv": [0, 0, 1, 0.1], "texture": "#1"}
			}
		},
		{
			"from": [-15.8, 12.15, 7.749],
			"to": [-15.749, 12.23, 8.251],
			"faces": {
				"north": {"uv": [0, 0, 0.01, 7], "texture": "#1"},
				"east": {"uv": [0, 0, 0.1, 1], "texture": "#1"},
				"south": {"uv": [0, 0, 0.01, 7], "texture": "#1"},
				"west": {"uv": [0, 0, 0.1, 1], "texture": "#1"},
				"up": {"uv": [0, 0, 1, 0.1], "texture": "#1"},
				"down": {"uv": [0, 0, 1, 0.1], "texture": "#1"}
			}
		},
		{
			"from": [-15.8, 13.15, 7.749],
			"to": [-15.749, 13.23, 8.251],
			"faces": {
				"north": {"uv": [0, 0, 0.01, 7], "texture": "#1"},
				"east": {"uv": [0, 0, 0.1, 1], "texture": "#1"},
				"south": {"uv": [0, 0, 0.01, 7], "texture": "#1"},
				"west": {"uv": [0, 0, 0.1, 1], "texture": "#1"},
				"up": {"uv": [0, 0, 1, 0.1], "texture": "#1"},
				"down": {"uv": [0, 0, 1, 0.1], "texture": "#1"}
			}
		},
		{
			"from": [-15.8, 12.65, 7.549],
			"to": [-15.749, 12.73, 8.451],
			"faces": {
				"north": {"uv": [0, 0, 0.01, 7], "texture": "#1"},
				"east": {"uv": [0, 0, 0.1, 1], "texture": "#1"},
				"south": {"uv": [0, 0, 0.01, 7], "texture": "#1"},
				"west": {"uv": [0, 0, 0.1, 1], "texture": "#1"},
				"up": {"uv": [0, 0, 1, 0.1], "texture": "#1"},
				"down": {"uv": [0, 0, 1, 0.1], "texture": "#1"}
			}
		},
		{
			"from": [-15.8, 11.65, 7.549],
			"to": [-15.749, 11.73, 8.451],
			"faces": {
				"north": {"uv": [0, 0, 0.01, 7], "texture": "#1"},
				"east": {"uv": [0, 0, 0.1, 1], "texture": "#1"},
				"south": {"uv": [0, 0, 0.01, 7], "texture": "#1"},
				"west": {"uv": [0, 0, 0.1, 1], "texture": "#1"},
				"up": {"uv": [0, 0, 1, 0.1], "texture": "#1"},
				"down": {"uv": [0, 0, 1, 0.1], "texture": "#1"}
			}
		},
		{
			"from": [-15.8, 10.65, 7.549],
			"to": [-15.749, 10.73, 8.451],
			"faces": {
				"north": {"uv": [0, 0, 0.01, 7], "texture": "#1"},
				"east": {"uv": [0, 0, 0.1, 1], "texture": "#1"},
				"south": {"uv": [0, 0, 0.01, 7], "texture": "#1"},
				"west": {"uv": [0, 0, 0.1, 1], "texture": "#1"},
				"up": {"uv": [0, 0, 1, 0.1], "texture": "#1"},
				"down": {"uv": [0, 0, 1, 0.1], "texture": "#1"}
			}
		},
		{
			"from": [-15.8, 13.65, 7.549],
			"to": [-15.749, 13.73, 8.451],
			"faces": {
				"north": {"uv": [0, 0, 0.01, 7], "texture": "#1"},
				"east": {"uv": [0, 0, 0.1, 1], "texture": "#1"},
				"south": {"uv": [0, 0, 0.01, 7], "texture": "#1"},
				"west": {"uv": [0, 0, 0.1, 1], "texture": "#1"},
				"up": {"uv": [0, 0, 1, 0.1], "texture": "#1"},
				"down": {"uv": [0, 0, 1, 0.1], "texture": "#1"}
			}
		},
		{
			"from": [-15.8, 7.749, 5.77],
			"to": [-15.749, 8.251, 5.85],
			"faces": {
				"north": {"uv": [0, 0, 1, 0.1], "texture": "#1"},
				"east": {"uv": [0, 0, 1, 0.1], "texture": "#1"},
				"south": {"uv": [0, 0, 1, 0.1], "texture": "#1"},
				"west": {"uv": [0, 0, 1, 0.1], "texture": "#1"},
				"up": {"uv": [0, 0, 0.01, 7], "texture": "#1"},
				"down": {"uv": [0, 0, 0.01, 7], "texture": "#1"}
			}
		},
		{
			"from": [-15.8, 7.749, 4.77],
			"to": [-15.749, 8.251, 4.85],
			"faces": {
				"north": {"uv": [0, 0, 1, 0.1], "texture": "#1"},
				"east": {"uv": [0, 0, 1, 0.1], "texture": "#1"},
				"south": {"uv": [0, 0, 1, 0.1], "texture": "#1"},
				"west": {"uv": [0, 0, 1, 0.1], "texture": "#1"},
				"up": {"uv": [0, 0, 0.01, 7], "texture": "#1"},
				"down": {"uv": [0, 0, 0.01, 7], "texture": "#1"}
			}
		},
		{
			"from": [-15.8, 7.749, 3.77],
			"to": [-15.749, 8.251, 3.85],
			"faces": {
				"north": {"uv": [0, 0, 1, 0.1], "texture": "#1"},
				"east": {"uv": [0, 0, 1, 0.1], "texture": "#1"},
				"south": {"uv": [0, 0, 1, 0.1], "texture": "#1"},
				"west": {"uv": [0, 0, 1, 0.1], "texture": "#1"},
				"up": {"uv": [0, 0, 0.01, 7], "texture": "#1"},
				"down": {"uv": [0, 0, 0.01, 7], "texture": "#1"}
			}
		},
		{
			"from": [-15.8, 7.749, 2.77],
			"to": [-15.749, 8.251, 2.85],
			"faces": {
				"north": {"uv": [0, 0, 1, 0.1], "texture": "#1"},
				"east": {"uv": [0, 0, 1, 0.1], "texture": "#1"},
				"south": {"uv": [0, 0, 1, 0.1], "texture": "#1"},
				"west": {"uv": [0, 0, 1, 0.1], "texture": "#1"},
				"up": {"uv": [0, 0, 0.01, 7], "texture": "#1"},
				"down": {"uv": [0, 0, 0.01, 7], "texture": "#1"}
			}
		},
		{
			"from": [-15.8, 7.749, 10.15],
			"to": [-15.749, 8.251, 10.23],
			"faces": {
				"north": {"uv": [0, 0, 1, 0.1], "texture": "#1"},
				"east": {"uv": [0, 0, 1, 0.1], "texture": "#1"},
				"south": {"uv": [0, 0, 1, 0.1], "texture": "#1"},
				"west": {"uv": [0, 0, 1, 0.1], "texture": "#1"},
				"up": {"uv": [0, 0, 0.01, 7], "texture": "#1"},
				"down": {"uv": [0, 0, 0.01, 7], "texture": "#1"}
			}
		},
		{
			"from": [-15.8, 7.749, 11.15],
			"to": [-15.749, 8.251, 11.23],
			"faces": {
				"north": {"uv": [0, 0, 1, 0.1], "texture": "#1"},
				"east": {"uv": [0, 0, 1, 0.1], "texture": "#1"},
				"south": {"uv": [0, 0, 1, 0.1], "texture": "#1"},
				"west": {"uv": [0, 0, 1, 0.1], "texture": "#1"},
				"up": {"uv": [0, 0, 0.01, 7], "texture": "#1"},
				"down": {"uv": [0, 0, 0.01, 7], "texture": "#1"}
			}
		},
		{
			"from": [-15.8, 7.749, 12.15],
			"to": [-15.749, 8.251, 12.23],
			"faces": {
				"north": {"uv": [0, 0, 1, 0.1], "texture": "#1"},
				"east": {"uv": [0, 0, 1, 0.1], "texture": "#1"},
				"south": {"uv": [0, 0, 1, 0.1], "texture": "#1"},
				"west": {"uv": [0, 0, 1, 0.1], "texture": "#1"},
				"up": {"uv": [0, 0, 0.01, 7], "texture": "#1"},
				"down": {"uv": [0, 0, 0.01, 7], "texture": "#1"}
			}
		},
		{
			"from": [-15.8, 7.749, 13.15],
			"to": [-15.749, 8.251, 13.23],
			"faces": {
				"north": {"uv": [0, 0, 1, 0.1], "texture": "#1"},
				"east": {"uv": [0, 0, 1, 0.1], "texture": "#1"},
				"south": {"uv": [0, 0, 1, 0.1], "texture": "#1"},
				"west": {"uv": [0, 0, 1, 0.1], "texture": "#1"},
				"up": {"uv": [0, 0, 0.01, 7], "texture": "#1"},
				"down": {"uv": [0, 0, 0.01, 7], "texture": "#1"}
			}
		},
		{
			"from": [-15.8, 7.549, 10.65],
			"to": [-15.749, 8.451, 10.73],
			"faces": {
				"north": {"uv": [0, 0, 1, 0.1], "texture": "#1"},
				"east": {"uv": [0, 0, 1, 0.1], "texture": "#1"},
				"south": {"uv": [0, 0, 1, 0.1], "texture": "#1"},
				"west": {"uv": [0, 0, 1, 0.1], "texture": "#1"},
				"up": {"uv": [0, 0, 0.01, 7], "texture": "#1"},
				"down": {"uv": [0, 0, 0.01, 7], "texture": "#1"}
			}
		},
		{
			"from": [-15.8, 7.549, 11.65],
			"to": [-15.749, 8.451, 11.73],
			"faces": {
				"north": {"uv": [0, 0, 1, 0.1], "texture": "#1"},
				"east": {"uv": [0, 0, 1, 0.1], "texture": "#1"},
				"south": {"uv": [0, 0, 1, 0.1], "texture": "#1"},
				"west": {"uv": [0, 0, 1, 0.1], "texture": "#1"},
				"up": {"uv": [0, 0, 0.01, 7], "texture": "#1"},
				"down": {"uv": [0, 0, 0.01, 7], "texture": "#1"}
			}
		},
		{
			"from": [-15.8, 7.549, 12.65],
			"to": [-15.749, 8.451, 12.73],
			"faces": {
				"north": {"uv": [0, 0, 1, 0.1], "texture": "#1"},
				"east": {"uv": [0, 0, 1, 0.1], "texture": "#1"},
				"south": {"uv": [0, 0, 1, 0.1], "texture": "#1"},
				"west": {"uv": [0, 0, 1, 0.1], "texture": "#1"},
				"up": {"uv": [0, 0, 0.01, 7], "texture": "#1"},
				"down": {"uv": [0, 0, 0.01, 7], "texture": "#1"}
			}
		},
		{
			"from": [-15.8, 7.549, 13.65],
			"to": [-15.749, 8.451, 13.73],
			"faces": {
				"north": {"uv": [0, 0, 1, 0.1], "texture": "#1"},
				"east": {"uv": [0, 0, 1, 0.1], "texture": "#1"},
				"south": {"uv": [0, 0, 1, 0.1], "texture": "#1"},
				"west": {"uv": [0, 0, 1, 0.1], "texture": "#1"},
				"up": {"uv": [0, 0, 0.01, 7], "texture": "#1"},
				"down": {"uv": [0, 0, 0.01, 7], "texture": "#1"}
			}
		},
		{
			"from": [-15.8, 7.549, 5.27],
			"to": [-15.749, 8.451, 5.35],
			"faces": {
				"north": {"uv": [0, 0, 1, 0.1], "texture": "#1"},
				"east": {"uv": [0, 0, 1, 0.1], "texture": "#1"},
				"south": {"uv": [0, 0, 1, 0.1], "texture": "#1"},
				"west": {"uv": [0, 0, 1, 0.1], "texture": "#1"},
				"up": {"uv": [0, 0, 0.01, 7], "texture": "#1"},
				"down": {"uv": [0, 0, 0.01, 7], "texture": "#1"}
			}
		},
		{
			"from": [-15.8, 7.549, 4.27],
			"to": [-15.749, 8.451, 4.35],
			"faces": {
				"north": {"uv": [0, 0, 1, 0.1], "texture": "#1"},
				"east": {"uv": [0, 0, 1, 0.1], "texture": "#1"},
				"south": {"uv": [0, 0, 1, 0.1], "texture": "#1"},
				"west": {"uv": [0, 0, 1, 0.1], "texture": "#1"},
				"up": {"uv": [0, 0, 0.01, 7], "texture": "#1"},
				"down": {"uv": [0, 0, 0.01, 7], "texture": "#1"}
			}
		},
		{
			"from": [-15.8, 7.549, 3.27],
			"to": [-15.749, 8.451, 3.35],
			"faces": {
				"north": {"uv": [0, 0, 1, 0.1], "texture": "#1"},
				"east": {"uv": [0, 0, 1, 0.1], "texture": "#1"},
				"south": {"uv": [0, 0, 1, 0.1], "texture": "#1"},
				"west": {"uv": [0, 0, 1, 0.1], "texture": "#1"},
				"up": {"uv": [0, 0, 0.01, 7], "texture": "#1"},
				"down": {"uv": [0, 0, 0.01, 7], "texture": "#1"}
			}
		},
		{
			"from": [-15.8, 7.549, 2.27],
			"to": [-15.749, 8.451, 2.35],
			"faces": {
				"north": {"uv": [0, 0, 1, 0.1], "texture": "#1"},
				"east": {"uv": [0, 0, 1, 0.1], "texture": "#1"},
				"south": {"uv": [0, 0, 1, 0.1], "texture": "#1"},
				"west": {"uv": [0, 0, 1, 0.1], "texture": "#1"},
				"up": {"uv": [0, 0, 0.01, 7], "texture": "#1"},
				"down": {"uv": [0, 0, 0.01, 7], "texture": "#1"}
			}
		},
		{
			"from": [-15.8, 7.849, -8.23],
			"to": [-15.749, 8.151, 1.85],
			"faces": {
				"east": {"uv": [0, 0, 1, 0.1], "texture": "#1"},
				"south": {"uv": [0, 0, 1, 0.1], "texture": "#1"},
				"west": {"uv": [0, 0, 1, 0.1], "texture": "#1"},
				"up": {"uv": [0, 0, 0.01, 7], "texture": "#1"},
				"down": {"uv": [0, 0, 0.01, 7], "texture": "#1"}
			}
		},
		{
			"from": [-15.8, 7.849, 14.15],
			"to": [-15.749, 8.151, 23.85],
			"faces": {
				"north": {"uv": [0, 0, 1, 0.1], "texture": "#1"},
				"east": {"uv": [0, 0, 1, 0.1], "texture": "#1"},
				"west": {"uv": [0, 0, 1, 0.1], "texture": "#1"},
				"up": {"uv": [0, 0, 0.01, 7], "texture": "#1"},
				"down": {"uv": [0, 0, 0.01, 7], "texture": "#1"}
			}
		}
	],
	"gui_light": "front",
	"display": {
		"thirdperson_righthand": {
			"rotation": [75, 315, 0],
			"translation": [0, 2.5, 0],
			"scale": [0, 0, 0]
		},
		"thirdperson_lefthand": {
			"rotation": [75, 315, 0],
			"translation": [0, 2.5, 0],
			"scale": [0, 0, 0]
		},
		"firstperson_righthand": {
			"rotation": [0, 270, 0],
			"translation": [-8.96, 8.32, 17],
			"scale": [2, 2, 2]
		},
		"firstperson_lefthand": {
			"rotation": [0, 90, 0],
			"translation": [-8.965, 8.325, 17],
			"scale": [2, 2, 2]
		},
		"ground": {
			"translation": [0.5, 3, 0],
			"scale": [0.1, 0.1, 0.1]
		},
		"gui": {
			"rotation": [0, 90, 0],
			"scale": [0.445, 0.445, 0.445]
		},
		"head": {
			"rotation": [0, 180, 0]
		},
		"fixed": {
			"rotation": [0, 270, 0],
			"translation": [0, 0, -0.5],
			"scale": [0, 0.5, 0.5]
		}
	},
	"groups": [
		{
			"name": "pmiiscope",
			"origin": [8, 8, 8],
			"color": 0,
			"children": [
				{
					"name": "pmiiscope",
					"origin": [8, 8, 8],
					"color": 0,
					"children": [
						0,
						1,
						2,
						3,
						4,
						5,
						6,
						7,
						8,
						9,
						10,
						11,
						12,
						13,
						14,
						15,
						16,
						17,
						18,
						19,
						20,
						21,
						22,
						23,
						24,
						25,
						26,
						27,
						28,
						29,
						30,
						31,
						32,
						33,
						34,
						35,
						36,
						37,
						38,
						39,
						40,
						41,
						42,
						43,
						44,
						45,
						46,
						47,
						48,
						49,
						50,
						51,
						52,
						53,
						54,
						55,
						56,
						57
					]
				}
			]
		}
	]
}