{
	"credit": "Made with Blockbench",
	"texture_size": [32, 32],
	"textures": {
		"2": "custom_sword/normal_katana/wooden_katana"
	},
	"elements": [
		{
			"from": [6.625, 0.5, 7.5],
			"to": [7.875, 27, 8.5],
			"rotation": {"angle": 0, "axis": "z", "origin": [8, 8, 8]},
			"faces": {
				"north": {"uv": [0, 0, 0.75, 13.25], "texture": "#2"},
				"east": {"uv": [4, 0, 4.5, 13.25], "texture": "#2"},
				"south": {"uv": [1, 0, 1.75, 13.25], "texture": "#2"},
				"west": {"uv": [4.5, 0, 5, 13.25], "texture": "#2"},
				"up": {"uv": [10.25, 7.5, 9.5, 7], "texture": "#2"},
				"down": {"uv": [8.25, 9.5, 7.5, 10], "texture": "#2"}
			}
		},
		{
			"from": [7.825, -0.275, 7.5],
			"to": [8.825, 27, 8.5],
			"rotation": {"angle": 0, "axis": "z", "origin": [8, 8, 8]},
			"faces": {
				"north": {"uv": [2, 0, 2.5, 13.75], "texture": "#2"},
				"east": {"uv": [2.5, 0, 3, 13.75], "texture": "#2"},
				"south": {"uv": [3, 0, 3.5, 13.75], "texture": "#2"},
				"west": {"uv": [3.5, 0, 4, 13.75], "texture": "#2"},
				"up": {"uv": [10.5, 1.5, 10, 1], "texture": "#2"},
				"down": {"uv": [10.5, 1.5, 10, 2], "texture": "#2"}
			}
		},
		{
			"from": [6.625, 27, 7.5],
			"to": [7.925, 29.75, 8.5],
			"rotation": {"angle": 0, "axis": "z", "origin": [8, 8, 8]},
			"faces": {
				"north": {"uv": [7.5, 3, 8.25, 4.5], "texture": "#2"},
				"east": {"uv": [7.5, 7, 8, 8.5], "texture": "#2"},
				"south": {"uv": [7.5, 4.5, 8.25, 6], "texture": "#2"},
				"west": {"uv": [8, 7, 8.5, 8.5], "texture": "#2"},
				"up": {"uv": [9.75, 2.5, 9, 2], "texture": "#2"},
				"down": {"uv": [9.75, 2.5, 9, 3], "texture": "#2"}
			}
		},
		{
			"from": [7.925, 27, 7.5],
			"to": [8.525, 29.75, 8.5],
			"rotation": {"angle": 0, "axis": "z", "origin": [8, 8, 8]},
			"faces": {
				"north": {"uv": [9.5, 7.5, 9.75, 9], "texture": "#2"},
				"east": {"uv": [8.5, 4, 9, 5.5], "texture": "#2"},
				"south": {"uv": [9.5, 9, 9.75, 10.5], "texture": "#2"},
				"west": {"uv": [6.5, 8.5, 7, 10], "texture": "#2"},
				"up": {"uv": [10.25, 3.5, 10, 3], "texture": "#2"},
				"down": {"uv": [10.25, 3.5, 10, 4], "texture": "#2"}
			}
		},
		{
			"from": [6.625, 29.75, 7.5],
			"to": [8.175, 31.25, 8.5],
			"rotation": {"angle": 0, "axis": "z", "origin": [8, 8, 8]},
			"faces": {
				"north": {"uv": [8.5, 7, 9.25, 7.75], "texture": "#2"},
				"east": {"uv": [9, 4, 9.5, 4.75], "texture": "#2"},
				"south": {"uv": [8.5, 8, 9.25, 8.75], "texture": "#2"},
				"west": {"uv": [7, 9, 7.5, 9.75], "texture": "#2"},
				"up": {"uv": [9.75, 5.5, 9, 5], "texture": "#2"},
				"down": {"uv": [8.25, 9, 7.5, 9.5], "texture": "#2"}
			}
		},
		{
			"from": [6.625, -12.25, 7.5],
			"to": [8.875, -1.75, 8.5],
			"rotation": {"angle": 0, "axis": "z", "origin": [8, 8, 8]},
			"faces": {
				"north": {"uv": [5, 0, 6.25, 5.25], "texture": "#2"},
				"east": {"uv": [6.5, 3, 7, 8.25], "texture": "#2"},
				"south": {"uv": [5, 5.5, 6.25, 10.75], "texture": "#2"},
				"west": {"uv": [7, 3, 7.5, 8.25], "texture": "#2"},
				"up": {"uv": [9.75, 6, 8.5, 5.5], "texture": "#2"},
				"down": {"uv": [8.25, 8.5, 7, 9], "texture": "#2"}
			}
		},
		{
			"from": [5.625, -1.75, 6.5],
			"to": [9.875, -1, 9.5],
			"rotation": {"angle": 0, "axis": "z", "origin": [8, 8, 8]},
			"faces": {
				"north": {"uv": [7.5, 6, 9.75, 6.5], "texture": "#2"},
				"east": {"uv": [8.5, 3, 10, 3.5], "texture": "#2"},
				"south": {"uv": [7.5, 6.5, 9.75, 7], "texture": "#2"},
				"west": {"uv": [8.5, 3.5, 10, 4], "texture": "#2"},
				"up": {"uv": [8.75, 1.5, 6.5, 0], "texture": "#2"},
				"down": {"uv": [8.75, 1.5, 6.5, 3], "texture": "#2"}
			}
		},
		{
			"from": [6.625, -1, 7.5],
			"to": [7.875, 0.5, 8.5],
			"rotation": {"angle": 0, "axis": "z", "origin": [8, 8, 8]},
			"faces": {
				"north": {"uv": [9, 0, 9.75, 0.75], "texture": "#2"},
				"east": {"uv": [8.5, 9, 9, 9.75], "texture": "#2"},
				"south": {"uv": [9, 1, 9.75, 1.75], "texture": "#2"},
				"west": {"uv": [9, 9, 9.5, 9.75], "texture": "#2"},
				"up": {"uv": [10.25, 4.5, 9.5, 4], "texture": "#2"},
				"down": {"uv": [10.25, 4.5, 9.5, 5], "texture": "#2"}
			}
		},
		{
			"from": [7.875, -1, 7.5],
			"to": [9.125, -0.3, 8.5],
			"rotation": {"angle": 0, "axis": "z", "origin": [8, 8, 8]},
			"faces": {
				"north": {"uv": [10, 2, 10.75, 2.25], "texture": "#2"},
				"east": {"uv": [10, 5, 10.5, 5.25], "texture": "#2"},
				"south": {"uv": [10, 2.5, 10.75, 2.75], "texture": "#2"},
				"west": {"uv": [10, 5.5, 10.5, 5.75], "texture": "#2"},
				"up": {"uv": [10.75, 0.5, 10, 0], "texture": "#2"},
				"down": {"uv": [10.75, 0.5, 10, 1], "texture": "#2"}
			}
		}
	],
	"display": {
		"thirdperson_righthand": {
			"rotation": [0, 90, 0],
			"translation": [0, 6, 1],
			"scale": [0.56, 0.56, 0.4]
		},
		"thirdperson_lefthand": {
			"rotation": [0, 90, -180],
			"translation": [0, -10, 1],
			"scale": [0.56, 0.56, 0.4]
		},
		"firstperson_righthand": {
			"rotation": [0, 90, 0],
			"scale": [0.56, 0.56, 0.4]
		},
		"firstperson_lefthand": {
			"rotation": [0, 90, -180],
			"translation": [0, -25, 0],
			"scale": [0.56, 0.56, 0.4]
		},
		"ground": {
			"rotation": [-90, 35, 10],
			"scale": [0.56, 0.56, 0.4]
		},
		"gui": {
			"rotation": [0, 0, -45],
			"translation": [-0.5, -0.5, 0],
			"scale": [0.48, 0.48, 0.343]
		},
		"head": {
			"rotation": [0, 0, -153.75],
			"translation": [-9.25, 16.25, 0],
			"scale": [1, 1, 0.714]
		},
		"fixed": {
			"rotation": [0, 0, -45],
			"translation": [-0.5, -0.5, -0.7],
			"scale": [0.65, 0.65, 0.464]
		}
	},
	"groups": [
		{
			"name": "blade",
			"origin": [8.69581, 1.62474, 0.5],
			"color": 0,
			"children": [0, 1, 2, 3, 4]
		},
		{
			"name": "handle",
			"origin": [8, 8, 8],
			"color": 0,
			"children": [5]
		},
		6,
		{
			"name": "hilt",
			"origin": [8, 8, 8],
			"color": 0,
			"children": [7, 8]
		}
	]
}