{"entity.enderman.attack":{"sounds":["fokastudio:mob/enderman/attack_1","fokastudio:mob/enderman/attack_2","fokastudio:mob/enderman/attack_3"],"subtitle":"Enderman Attacks"},"entity.endermite.attack":{"sounds":["fokastudio:mob/endermite/attack_1","fokastudio:mob/endermite/attack_2","fokastudio:mob/endermite/attack_3"],"subtitle":"Endermite Attacks"},"music.amethyst_forest":{"sounds":[{"name":"music/game/nether/crimson_forest/chrysopoeia","stream":true,"volume":0.5},{"name":"music/game/infinite_amethyst","stream":true,"weight":3}]},"music.prismarine_forest":{"sounds":[{"name":"music/game/water/axolotl","stream":true,"volume":0.4},{"name":"music/game/water/dragon_fish","stream":true,"volume":0.4},{"name":"music/game/water/shuniji","stream":true,"volume":0.4},{"name":"music/game/nuance2","stream":true,"weight":2}]},"music.ashfall_delta":{"sounds":[{"name":"music/game/nether/soulsand_valley/so_below","stream":true,"volume":0.5}]},"music.blazing_dunes":{"sounds":[{"name":"music/game/nether/soulsand_valley/so_below","stream":true,"volume":0.5,"weight":2},{"name":"music/game/nether/nether_wastes/rubedo","stream":true,"volume":0.5,"weight":2},{"name":"music/game/nether/nether1","stream":true},{"name":"music/game/nether/nether2","stream":true},{"name":"music/game/nether/nether3","stream":true},{"name":"music/game/nether/nether4","stream":true}]},"music.chorus_jungle":{"sounds":[{"name":"music/game/nether/crimson_forest/chrysopoeia","stream":true,"volume":0.5}]},"music.warped_marsh":{"sounds":[{"name":"music/game/swamp/firebugs","stream":true,"volume":0.4},{"name":"music/game/swamp/labyrinthine","stream":true,"volume":0.4}]},"music.end_highlands":{"sounds":[{"name":"music/game/swamp/firebugs","stream":true,"volume":0.4},{"name":"music/game/swamp/aerie","stream":true,"volume":0.4}]},"music.end_midlands":{"sounds":[{"name":"music/game/floating_dream","stream":true,"volume":0.4},{"name":"music/game/comforting_memories","stream":true,"volume":0.4},{"name":"music/game/creative/creative4","stream":true},{"name":"music/game/piano1","stream":true,"weight":2}]},"music.end_wilds":{"sounds":[{"name":"music/game/swamp/aerie","stream":true,"volume":0.4},{"name":"music/game/hal1","stream":true}]},"music.ender_waste":{"sounds":[{"name":"music.end","type":"event"}]},"music.end_barrens":{"sounds":[{"name":"music.end","type":"event"},{"name":"music/game/nether/nether_wastes/rubedo","stream":true,"volume":0.5,"weight":3}]},"music.flesh_tundra":{"sounds":[{"name":"music/game/nether/crimson_forest/chrysopoeia","stream":true,"volume":0.5},{"name":"fokastudio:music/excuse","stream":true,"volume":0.4},{"name":"fokastudio:music/intro","stream":true,"volume":0.4}]},"music.frosted_hills":{"sounds":[{"name":"music/game/nether/nether_wastes/rubedo","stream":true,"volume":0.5}]},"music.snowy_warped_forest":{"sounds":[{"name":"music/game/nether/nether_wastes/rubedo","stream":true,"volume":0.5}]},"music.snowy_crimson_forest":{"sounds":[{"name":"music/game/nether/nether_wastes/rubedo","stream":true,"volume":0.5},{"name":"music/game/nether/crimson_forest/chrysopoeia","stream":true,"volume":0.5}]},"music.glowshroom_valley":{"sounds":[{"name":"music/game/swamp/aerie","stream":true,"volume":0.4},{"name":"music/game/infinite_amethyst","stream":true,"volume":0.4},{"name":"music/game/creative/creative4","stream":true}]},"music.shattered_end":{"sounds":[{"name":"music.end","type":"event"}]},"music.small_end_islands":{"sounds":[{"name":"music.end","type":"event"},{"name":"music/game/nuance1","stream":true}]},"music.the_end":{"sounds":[{"name":"music.end","type":"event"}]},"music.the_nest":{"sounds":[{"name":"fokastudio:music/ki","stream":true,"volume":0.4}]},"music.sculk_growth":{"sounds":[{"name":"music/game/ancestry","stream":true},{"name":"music/game/nether/nether3","stream":true}]},"music.the_void":{"sounds":[{"name":"music/game/ancestry","stream":true},{"name":"music/game/nether/nether4","stream":true}]},"music.the_hallow":{"sounds":[{"name":"music/game/swamp/aerie","stream":true,"volume":0.4},{"name":"music/game/swamp/firebugs","stream":true,"volume":0.4},{"name":"music/game/creative/creative4","stream":true},{"name":"music/game/hal3","stream":true},{"name":"music/game/piano3","stream":true}]},"item.tamaris.execute":{"sounds":[{"name":"fokastudio:item/tamaris/execute","volume":0.8}],"subtitle":"Tamaris executes"},"item.tamaris.execute_special":{"sounds":[{"name":"fokastudio:item/tamaris/execute_special","volume":0.8}],"subtitle":"FokaStudio slays"}}