{
	"credit": "Made with Blockbench",
	"textures": {
		"1": "holo_item/ina_book/ina2",
		"2": "holo_item/ina_book/ina3",
		"6": "holo_item/ina_book/page",
		"particle": "holo_item/ina_book/ina1"
	},
	"elements": [
		{
			"name": "Box3",
			"from": [5.48125, 4.5, 7.35],
			"to": [10.48125, 11.5, 7.5],
			"rotation": {"angle": 0, "axis": "y", "origin": [0.13125, 0.5, -0.25]},
			"faces": {
				"north": {"uv": [1.89831, 0, 13.93898, 16], "texture": "#1"},
				"east": {"uv": [8.18983, 0.05424, 9.49153, 16.05424], "texture": "#2"},
				"south": {"uv": [6.34576, 3.79661, 9.00339, 10.25085], "texture": "#2"},
				"west": {"uv": [7, 4, 8, 11], "texture": "#2"},
				"up": {"uv": [7, 4, 8, 11], "rotation": 90, "texture": "#2"},
				"down": {"uv": [7, 4, 8, 11], "rotation": 90, "texture": "#2"}
			}
		},
		{
			"name": "Box3",
			"from": [5.48125, 4.5, 8.5],
			"to": [10.48125, 11.5, 8.65],
			"rotation": {"angle": 0, "axis": "y", "origin": [0.13125, 0.5, -0.25]},
			"faces": {
				"north": {"uv": [6.34576, 3.79661, 9.00339, 10.25085], "texture": "#2"},
				"east": {"uv": [6.07458, 0.05424, 7.37627, 16.05424], "texture": "#2"},
				"south": {"uv": [2.06102, 0, 13.93898, 16], "texture": "#particle"},
				"west": {"uv": [7, 4, 8, 11], "texture": "#2"},
				"up": {"uv": [8, 4, 9, 11], "rotation": 90, "texture": "#2"},
				"down": {"uv": [8, 4, 9, 11], "rotation": 90, "texture": "#2"}
			}
		},
		{
			"name": "Box3",
			"from": [10.33125, 4.5, 7.5],
			"to": [10.48125, 11.5, 8.5],
			"rotation": {"angle": 0, "axis": "y", "origin": [0.13125, 0.5, -0.25]},
			"faces": {
				"north": {"uv": [6.61695, 0.10847, 8.94915, 16.05424], "texture": "#2"},
				"east": {"uv": [6.61695, 0.10847, 8.94915, 16.05424], "texture": "#2"},
				"south": {"uv": [6.61695, 0.10847, 8.94915, 16.05424], "texture": "#2"},
				"west": {"uv": [6.61695, 0.10847, 8.94915, 16.05424], "texture": "#2"},
				"up": {"uv": [6.34576, 3.79661, 9.1661, 4.77288], "rotation": 90, "texture": "#2"},
				"down": {"uv": [6.34576, 3.79661, 9.1661, 4.77288], "rotation": 90, "texture": "#2"}
			}
		},
		{
			"name": "Box3",
			"from": [5.73125, 4.75, 7.5],
			"to": [10.33125, 11.25, 8.5],
			"rotation": {"angle": 0, "axis": "y", "origin": [0.13125, 0.5, -0.25]},
			"faces": {
				"north": {"uv": [0, 0, 3.5, 4.75], "texture": "#6"},
				"east": {"uv": [0, 5, 1, 9.75], "texture": "#6"},
				"south": {"uv": [4, 0, 7.5, 4.75], "texture": "#6"},
				"west": {"uv": [1, 5, 2, 9.75], "texture": "#6"},
				"up": {"uv": [5.5, 6, 2, 5], "texture": "#6"},
				"down": {"uv": [5.5, 6, 2, 7], "texture": "#6"}
			}
		}
	],
	"overrides": [
		{"predicate": {"pulling": 1}, "model": "item/bow_grimoire_pulling_0"},
		{"predicate": {"pulling": 1, "pull": 0.9}, "model": "item/bow_grimoire_pulling_1"}
	],
	"display": {
		"thirdperson_righthand": {
			"rotation": [0, 180, 0],
			"translation": [0, 0.5, 0.25]
		},
		"thirdperson_lefthand": {
			"rotation": [0, -180, 0],
			"translation": [0, 0.5, 0.25]
		},
		"firstperson_righthand": {
			"rotation": [0, 180, 0],
			"translation": [-1.25, 3.25, 3.25]
		},
		"firstperson_lefthand": {
			"rotation": [0, -180, 0],
			"translation": [-1.25, 3.25, 3.25]
		},
		"ground": {
			"rotation": [90, 0, 0],
			"scale": [1.5, 1.5, 1.5]
		},
		"gui": {
			"rotation": [0, -180, 0],
			"scale": [1.9, 1.9, 1.9]
		},
		"head": {
			"rotation": [90, 0, 0],
			"translation": [0, 7.75, 0],
			"scale": [1.5, 1.5, 1.5]
		},
		"fixed": {
			"translation": [0, 0, -1],
			"scale": [3, 3, 3]
		}
	}
}