{
	"credit": "Made with Blockbench",
	"textures": {
		"0": "holo_item/korone_boxing/gauntletr",
		"1": "holo_item/korone_boxing/gauntletr_2"
	},
	"elements": [
		{
			"from": [5.5, 0, 5.5],
			"to": [10.5, 2, 10.5],
			"faces": {
				"north": {"uv": [6, 14, 11, 16], "texture": "#0"},
				"east": {"uv": [6, 6, 11, 8], "texture": "#0"},
				"south": {"uv": [6, 14, 11, 16], "texture": "#0"},
				"west": {"uv": [6, 6, 11, 8], "texture": "#0"},
				"up": {"uv": [0, 11, 5, 16], "texture": "#0"},
				"down": {"uv": [0, 11, 5, 16], "texture": "#0"}
			}
		},
		{
			"from": [5.8, 2, 5.8],
			"to": [10.3, 3, 10.3],
			"faces": {
				"north": {"uv": [0, 0, 4.5, 1], "texture": "#1"},
				"east": {"uv": [0, 0, 4.5, 1], "texture": "#1"},
				"south": {"uv": [0, 0, 4.5, 1], "texture": "#1"},
				"west": {"uv": [0, 0, 4.5, 1], "texture": "#1"},
				"up": {"uv": [0, 0, 4.5, 4.5], "texture": "#1"},
				"down": {"uv": [0, 0, 4.5, 4.5], "texture": "#1"}
			}
		},
		{
			"from": [5.5, 3, 5.5],
			"to": [10.5, 7, 10.5],
			"faces": {
				"north": {"uv": [5, 1, 10, 5], "texture": "#1"},
				"east": {"uv": [0, 1, 5, 5], "texture": "#1"},
				"south": {"uv": [6, 9, 11, 13], "texture": "#0"},
				"west": {"uv": [5, 1, 0, 5], "texture": "#1"},
				"up": {"uv": [0, 10, 5, 5], "texture": "#0"},
				"down": {"uv": [0, 11, 5, 16], "texture": "#0"}
			}
		}
	],
	"display": {
		"thirdperson_righthand": {
			"rotation": [90, -90, 180],
			"translation": [0, -2, -5],
			"scale": [1.1, 1.1, 1.1]
		},
		"thirdperson_lefthand": {
			"rotation": [90, 90, 180],
			"translation": [0, -2, -5],
			"scale": [1.1, 1.1, 1.1]
		},
		"firstperson_righthand": {
			"rotation": [-40, 20, 0],
			"translation": [-2, 6, -2],
			"scale": [0.9, 0.9, 0.9]
		},
		"firstperson_lefthand": {
			"rotation": [-40, 20, 0],
			"translation": [-2, 6, -2]
		},
		"ground": {
			"translation": [0, 5.125, 0],
			"scale": [1.25, 1.25, 1.25]
		},
		"gui": {
			"rotation": [30, 45, 0],
			"translation": [0, 5.5, 0],
			"scale": [1.5, 1.5, 1.5]
		},
		"fixed": {
			"rotation": [0, 180, 0],
			"translation": [0, 10, 2],
			"scale": [2, 2, 2]
		}
	}
}