{
	"credit": "Made with Blockbench",
	"textures": {
		"0": "custom/bat_wood_bb",
		"1": "custom/bat_tape_bb",
		"particle": "custom/bat_wood_bb"
	},
	"elements": [
		{
			"name": "Hilt",
			"from": [7.45, 4.82, 7.45],
			"to": [8.55, 5.12, 8.55],
			"rotation": {"angle": 0, "axis": "y", "origin": [7.94, 9.01, 7.95]},
			"faces": {
				"north": {"uv": [5, 5, 6, 6], "rotation": 90, "texture": "#0"},
				"east": {"uv": [5, 5, 6, 6], "rotation": 270, "texture": "#0"},
				"south": {"uv": [8, 5, 9, 7], "rotation": 270, "texture": "#0"},
				"west": {"uv": [5, 5, 6, 6], "rotation": 270, "texture": "#0"},
				"up": {"uv": [5, 5, 6, 6], "rotation": 270, "texture": "#0"},
				"down": {"uv": [5, 5, 6, 6], "rotation": 270, "texture": "#0"}
			}
		},
		{
			"name": "Bat Blade",
			"from": [7.2, 13.02, 7.2],
			"to": [8.8, 21.92, 8.8],
			"rotation": {"angle": 0, "axis": "y", "origin": [7.99, 10.01, 7.7]},
			"faces": {
				"north": {"uv": [12, 10, 13, 14], "rotation": 270, "texture": "#0"},
				"east": {"uv": [11, 10, 12, 14], "rotation": 90, "texture": "#0"},
				"south": {"uv": [14, 10, 15, 14], "rotation": 90, "texture": "#0"},
				"west": {"uv": [13, 10, 14, 14], "rotation": 90, "texture": "#0"},
				"up": {"uv": [9, 9, 5, 5], "rotation": 90, "texture": "#0"},
				"down": {"uv": [9, 5, 5, 9], "rotation": 90, "texture": "#0"}
			}
		},
		{
			"name": "Bat Blade",
			"from": [7.35, 9.35, 7.35],
			"to": [8.65, 14.65, 8.65],
			"rotation": {"angle": 0, "axis": "y", "origin": [7.94, 9.94, 7.75]},
			"faces": {
				"north": {"uv": [12, 10, 13, 14], "rotation": 270, "texture": "#0"},
				"east": {"uv": [11, 10, 12, 14], "rotation": 90, "texture": "#0"},
				"south": {"uv": [14, 10, 15, 14], "rotation": 90, "texture": "#0"},
				"west": {"uv": [13, 10, 14, 14], "rotation": 90, "texture": "#0"},
				"up": {"uv": [13, 10, 12, 9], "rotation": 90, "texture": "#0"},
				"down": {"uv": [9, 5, 5, 9], "rotation": 90, "texture": "#0"}
			}
		},
		{
			"name": "Bat Blade",
			"from": [7.6, 5.02, 7.6],
			"to": [8.4, 9.82, 8.4],
			"rotation": {"angle": 0, "axis": "y", "origin": [7.99, 10.01, 7.9]},
			"faces": {
				"north": {"uv": [11, 9, 12, 12], "rotation": 270, "texture": "#0"},
				"east": {"uv": [11, 9, 11, 11], "rotation": 90, "texture": "#0"},
				"south": {"uv": [11, 9, 11, 11], "rotation": 90, "texture": "#0"},
				"west": {"uv": [11, 9, 11, 11], "rotation": 90, "texture": "#0"},
				"up": {"uv": [11, 9, 11, 9], "rotation": 90, "texture": "#0"},
				"down": {"uv": [11, 9, 11, 9], "rotation": 90, "texture": "#0"}
			}
		},
		{
			"name": "tape",
			"from": [7.55, 8.82, 7.55],
			"to": [8.45, 9.22, 8.45],
			"rotation": {"angle": 0, "axis": "y", "origin": [8.04, 13.11, 8.05]},
			"faces": {
				"north": {"uv": [5, 5, 6, 6], "rotation": 90, "texture": "#1"},
				"east": {"uv": [5, 5, 6, 6], "rotation": 270, "texture": "#1"},
				"south": {"uv": [8, 5, 9, 7], "rotation": 270, "texture": "#1"},
				"west": {"uv": [5, 5, 6, 6], "rotation": 270, "texture": "#1"},
				"up": {"uv": [5, 5, 6, 6], "rotation": 270, "texture": "#1"},
				"down": {"uv": [5, 5, 6, 6], "rotation": 270, "texture": "#1"}
			}
		},
		{
			"name": "tape",
			"from": [7.55, 8.32, 7.55],
			"to": [8.45, 8.72, 8.45],
			"rotation": {"angle": 0, "axis": "y", "origin": [8.04, 12.61, 8.05]},
			"faces": {
				"north": {"uv": [5, 5, 6, 6], "rotation": 90, "texture": "#1"},
				"east": {"uv": [5, 5, 6, 6], "rotation": 270, "texture": "#1"},
				"south": {"uv": [8, 5, 9, 7], "rotation": 270, "texture": "#1"},
				"west": {"uv": [5, 5, 6, 6], "rotation": 270, "texture": "#1"},
				"up": {"uv": [5, 5, 6, 6], "rotation": 270, "texture": "#1"},
				"down": {"uv": [5, 5, 6, 6], "rotation": 270, "texture": "#1"}
			}
		},
		{
			"name": "tape",
			"from": [7.55, 7.82, 7.55],
			"to": [8.45, 8.22, 8.45],
			"rotation": {"angle": 0, "axis": "y", "origin": [8.04, 12.11, 8.05]},
			"faces": {
				"north": {"uv": [5, 5, 6, 6], "rotation": 90, "texture": "#1"},
				"east": {"uv": [5, 5, 6, 6], "rotation": 270, "texture": "#1"},
				"south": {"uv": [8, 5, 9, 7], "rotation": 270, "texture": "#1"},
				"west": {"uv": [5, 5, 6, 6], "rotation": 270, "texture": "#1"},
				"up": {"uv": [5, 5, 6, 6], "rotation": 270, "texture": "#1"},
				"down": {"uv": [5, 5, 6, 6], "rotation": 270, "texture": "#1"}
			}
		},
		{
			"name": "tape",
			"from": [7.55, 7.32, 7.55],
			"to": [8.45, 7.72, 8.45],
			"rotation": {"angle": 0, "axis": "y", "origin": [8.04, 11.61, 8.05]},
			"faces": {
				"north": {"uv": [5, 5, 6, 6], "rotation": 90, "texture": "#1"},
				"east": {"uv": [5, 5, 6, 6], "rotation": 270, "texture": "#1"},
				"south": {"uv": [8, 5, 9, 7], "rotation": 270, "texture": "#1"},
				"west": {"uv": [5, 5, 6, 6], "rotation": 270, "texture": "#1"},
				"up": {"uv": [5, 5, 6, 6], "rotation": 270, "texture": "#1"},
				"down": {"uv": [5, 5, 6, 6], "rotation": 270, "texture": "#1"}
			}
		},
		{
			"name": "tape",
			"from": [7.55, 6.82, 7.55],
			"to": [8.45, 7.22, 8.45],
			"rotation": {"angle": 0, "axis": "y", "origin": [8.04, 11.11, 8.05]},
			"faces": {
				"north": {"uv": [5, 5, 6, 6], "rotation": 90, "texture": "#1"},
				"east": {"uv": [5, 5, 6, 6], "rotation": 270, "texture": "#1"},
				"south": {"uv": [8, 5, 9, 7], "rotation": 270, "texture": "#1"},
				"west": {"uv": [5, 5, 6, 6], "rotation": 270, "texture": "#1"},
				"up": {"uv": [5, 5, 6, 6], "rotation": 270, "texture": "#1"},
				"down": {"uv": [5, 5, 6, 6], "rotation": 270, "texture": "#1"}
			}
		},
		{
			"name": "tape",
			"from": [7.55, 6.32, 7.55],
			"to": [8.45, 6.72, 8.45],
			"rotation": {"angle": 0, "axis": "y", "origin": [8.04, 10.61, 8.05]},
			"faces": {
				"north": {"uv": [5, 5, 6, 6], "rotation": 90, "texture": "#1"},
				"east": {"uv": [5, 5, 6, 6], "rotation": 270, "texture": "#1"},
				"south": {"uv": [8, 5, 9, 7], "rotation": 270, "texture": "#1"},
				"west": {"uv": [5, 5, 6, 6], "rotation": 270, "texture": "#1"},
				"up": {"uv": [5, 5, 6, 6], "rotation": 270, "texture": "#1"},
				"down": {"uv": [5, 5, 6, 6], "rotation": 270, "texture": "#1"}
			}
		},
		{
			"name": "tape",
			"from": [7.55, 5.82, 7.55],
			"to": [8.45, 6.22, 8.45],
			"rotation": {"angle": 0, "axis": "y", "origin": [8.04, 10.11, 8.05]},
			"faces": {
				"north": {"uv": [5, 5, 6, 6], "rotation": 90, "texture": "#1"},
				"east": {"uv": [5, 5, 6, 6], "rotation": 270, "texture": "#1"},
				"south": {"uv": [8, 5, 9, 7], "rotation": 270, "texture": "#1"},
				"west": {"uv": [5, 5, 6, 6], "rotation": 270, "texture": "#1"},
				"up": {"uv": [5, 5, 6, 6], "rotation": 270, "texture": "#1"},
				"down": {"uv": [5, 5, 6, 6], "rotation": 270, "texture": "#1"}
			}
		},
		{
			"name": "tape",
			"from": [7.55, 5.32, 7.55],
			"to": [8.45, 5.72, 8.45],
			"rotation": {"angle": 0, "axis": "y", "origin": [8.04, 9.61, 8.05]},
			"faces": {
				"north": {"uv": [5, 5, 6, 6], "rotation": 90, "texture": "#1"},
				"east": {"uv": [5, 5, 6, 6], "rotation": 270, "texture": "#1"},
				"south": {"uv": [8, 5, 9, 7], "rotation": 270, "texture": "#1"},
				"west": {"uv": [5, 5, 6, 6], "rotation": 270, "texture": "#1"},
				"up": {"uv": [5, 5, 6, 6], "rotation": 270, "texture": "#1"},
				"down": {"uv": [5, 5, 6, 6], "rotation": 270, "texture": "#1"}
			}
		}
	],
	"display": {
		"thirdperson_righthand": {
			"translation": [0, -2, 1],
			"scale": [2, 2, 2]
		},
		"thirdperson_lefthand": {
			"translation": [0, -2, 1],
			"scale": [2, 2, 2]
		},
		"firstperson_righthand": {
			"rotation": [14, 0, 0],
			"translation": [0, -1.25, 0],
			"scale": [1.5, 1.5, 1.5]
		},
		"firstperson_lefthand": {
			"rotation": [14, 0, 0],
			"translation": [0, -1.25, 0],
			"scale": [1.5, 1.5, 1.5]
		},
		"ground": {
			"translation": [0, 0.25, 0]
		},
		"gui": {
			"rotation": [0, 0, -45.5],
			"translation": [-5.5, -5.75, 0],
			"scale": [1.5, 1.5, 1.5]
		},
		"fixed": {
			"translation": [0, -5.25, -0.75]
		}
	},
	"groups": [0,
		{
			"name": "Bat",
			"origin": [3.2, -1.3, 8],
			"children": [1, 2, 3]
		},
		{
			"name": "tape",
			"origin": [8.04, 13.11, 8.05],
			"children": [4, 5, 6, 7, 8, 9, 10, 11]
		}
	]
}