{
  "parent": "minecraft:item/handheld",
  "textures": {
    "layer0": "minecraft:item/diamond_sword"
  },
  "overrides": [
    {
      "predicate": {
        "custom_model_data": 1
      },
      "model": "item/custom_sword/normal_katana/diamond_katana"
    },
    {
      "predicate": {
        "custom_model_data": 2
      },
      "model": "item/custom_sword/great_sword/diamond_great_sword"
    },
    {
      "predicate": {
        "custom_model_data": 90000
      },
      "model": "fokastudio:item/spirit_dagger"
    },
    {
      "predicate": {
        "custom_model_data": 90001
      },
      "model": "fokastudio:item/frigid_harvester/base"
    },
    {
      "predicate": {
        "custom_model_data": 90002
      },
      "model": "fokastudio:item/frigid_harvester/tier_1"
    },
    {
      "predicate": {
        "custom_model_data": 90003
      },
      "model": "fokastudio:item/frigid_harvester/tier_2"
    },
    {
      "predicate": {
        "custom_model_data": 90004
      },
      "model": "fokastudio:item/frigid_harvester/tier_3"
    },
    {
      "predicate": {
        "custom_model_data": 1450003
      },
      "model": "item/incendium/chilling"
    }
  ]
}