{
    "parent": "builtin/generated",
    "textures": {"layer0": "minecraft:block/dragon_sword"},
    "gui_light": "front",
    "display": {
        "ground": {
            "rotation": [ 0, 0, 0 ],
            "translation": [ 0, 2, 0],
            "scale":[ 1, 1, 0.5 ]
        },
        "head": {
            "rotation": [ -180, 0, 45 ],
            "translation": [ 0, 16, 0],
            "scale":[ 2, 2, 1]
        },
        "thirdperson_righthand": {
            "rotation": [ 0, -90, 55 ],
            "translation": [ 0, 4.0, 0.5 ],
            "scale": [ 1.7, 1.7, 0.85 ]
        },
        "thirdperson_lefthand": {
            "rotation": [ 0, 90, -55 ],
            "translation": [ 0, 4.0, 0.5 ],
            "scale": [ 1.7, 1.7, 0.85 ]
        },
        "firstperson_righthand": {
            "rotation": [ 0, -90, 25 ],
            "translation": [ 1.13, 3.2, 1.13 ],
            "scale": [ 1.36, 1.36, 0.68 ]
        },
        "firstperson_lefthand": {
            "rotation": [ 0, 90, -25 ],
            "translation": [ 1.13, 3.2, 1.13 ],
            "scale": [ 1.36, 1.36, 0.68 ]
        },
        "fixed": {
            "rotation": [ 180, 0, 45 ],
            "translation": [ 0, -3, 0 ],
            "scale": [ 4, 4, 2 ]
        },
        "gui": {
            "rotation": [ 0, 0, 0 ],
            "scale": [ 2, 2, 1 ]
        }
    }
}
