{
    "parent": "minecraft:item/generated",
    "textures": {
        "layer0": "minecraft:item/elytra"
    },
    "overrides": [
        {
            "predicate": {
                "broken": 1
            },
            "model": "minecraft:item/broken_elytra"
        },
        {
            "predicate": {
                "custom_model_data": 1450201
            },
            "model": "item/incendium/infernal_wings/infernal_elytra"
        },
        {
            "predicate": {
                "custom_model_data": 1450201,
                "broken": 1
            },
            "model": "item/incendium/infernal_wings/broken_infernal_elytra"
        }
    ]
}
