{
  "parent": "minecraft:item/handheld",
  "textures": {
    "layer0": "minecraft:item/iron_sword"
  },
  "overrides": [
    {
      "predicate": {
        "custom_model_data": 1
      },
      "model": "item/custom_sword/normal_katana/iron_katana"
    },
    {
      "predicate": {
        "custom_model_data": 2
      },
      "model": "item/custom_sword/great_sword/iron_great_sword"
    },
    {
      "predicate": {
        "custom_model_data": 90000
      },
      "model": "fokastudio:item/sariel"
    },
    {
      "predicate": {
        "custom_model_data": 90001
      },
      "model": "fokastudio:item/zephyr"
    }
  ]
}