{
	"credit": "Made with Blockbench",
	"texture_size": [32, 32],
	"textures": {
		"0": "item/lingering_potion",
		"particle": "item/lingering_potion"
	},
	"elements": [
		{
			"from": [2, -3.8, 2],
			"to": [14, 4, 14],
			"rotation": {"angle": 0, "axis": "y", "origin": [14, 8, 14]},
			"faces": {
				"north": {"uv": [7, 8.5, 15.5, 16], "texture": "#0"},
				"east": {"uv": [7, 8.5, 15.5, 16], "texture": "#0"},
				"south": {"uv": [7, 8.5, 15.5, 16], "texture": "#0"},
				"west": {"uv": [7, 8.5, 15.5, 16], "texture": "#0"},
				"up": {"uv": [7, 8.5, 15.5, 16], "texture": "#0"},
				"down": {"uv": [7, 8.5, 15.5, 16], "texture": "#0"}
			}
		},
		{
			"from": [4.636, -5.8488, 4.536],
			"to": [11.564, -4.6512, 11.464],
			"rotation": {"angle": 0, "axis": "y", "origin": [8, 4.2, 8]},
			"faces": {
				"north": {"uv": [7, 14.5, 15.5, 16], "texture": "#0"},
				"east": {"uv": [7, 14.5, 15.5, 16], "texture": "#0"},
				"south": {"uv": [7, 14.5, 15.5, 16], "texture": "#0"},
				"west": {"uv": [7, 14.5, 15.5, 16], "texture": "#0"},
				"up": {"uv": [2.5, 11.5, 0, 9], "rotation": 180, "texture": "#0"},
				"down": {"uv": [7, 8.5, 15.5, 16], "texture": "#0"}
			}
		},
		{
			"from": [3.9432, 3.90144, 3.8432],
			"to": [12.2568, 5.69856, 12.1568],
			"rotation": {"angle": 0, "axis": "y", "origin": [7.98, 4.12, 8]},
			"faces": {
				"north": {"uv": [7, 6.5, 15.5, 9], "texture": "#0"},
				"east": {"uv": [7, 6.5, 15.5, 9], "texture": "#0"},
				"south": {"uv": [7, 6.5, 15.5, 9], "texture": "#0"},
				"west": {"uv": [7, 6.5, 15.5, 9], "texture": "#0"},
				"up": {"uv": [7, 8.5, 15.5, 16], "texture": "#0"},
				"down": {"uv": [7, 8.5, 15.5, 16], "texture": "#0"}
			}
		},
		{
			"from": [5.60592, 5.56086, 5.50592],
			"to": [10.59408, 7.33914, 10.49408],
			"rotation": {"angle": 0, "axis": "y", "origin": [8.028, 5.192, 8]},
			"faces": {
				"north": {"uv": [7, 6.5, 15.5, 9], "texture": "#0"},
				"east": {"uv": [7, 6.5, 15.5, 9], "texture": "#0"},
				"south": {"uv": [7, 6.5, 15.5, 9], "texture": "#0"},
				"west": {"uv": [7, 6.5, 15.5, 9], "texture": "#0"},
				"up": {"uv": [7, 8.5, 15.5, 16], "texture": "#0"},
				"down": {"uv": [7, 8.5, 15.5, 16], "texture": "#0"}
			}
		},
		{
			"from": [3.31712, -4.7261, 3.31712],
			"to": [12.68288, -3.8739, 12.68288],
			"rotation": {"angle": 0, "axis": "y", "origin": [8, 5.672, 8]},
			"faces": {
				"north": {"uv": [7, 14.5, 15.5, 16], "texture": "#0"},
				"east": {"uv": [7, 14.5, 15.5, 16], "texture": "#0"},
				"south": {"uv": [7, 14.5, 15.5, 16], "texture": "#0"},
				"west": {"uv": [7, 14.5, 15.5, 16], "texture": "#0"},
				"up": {"uv": [2.5, 11.5, 0, 9], "rotation": 180, "texture": "#0"},
				"down": {"uv": [7, 8.5, 15.5, 16], "texture": "#0"}
			}
		},
		{
			"from": [6.35, 7.35, 6.35],
			"to": [9.65, 8.65, 9.65],
			"rotation": {"angle": 0, "axis": "y", "origin": [17, 20.25, 14]},
			"faces": {
				"north": {"uv": [3, 1.5, 5, 2], "texture": "#0"},
				"east": {"uv": [3, 1.5, 5, 2], "texture": "#0"},
				"south": {"uv": [3, 1.5, 5, 2], "texture": "#0"},
				"west": {"uv": [3, 1.5, 5, 2], "texture": "#0"},
				"up": {"uv": [3, 0, 5, 2], "texture": "#0"},
				"down": {"uv": [3, 0, 5, 2], "texture": "#0"}
			}
		},
		{
			"from": [1.8944, 1.1624, 1.8944],
			"to": [14.1056, 2.9376, 14.1056],
			"rotation": {"angle": 0, "axis": "y", "origin": [28.736, 38.4904, 21.824]},
			"faces": {
				"north": {"uv": [5, 9, 4.5, 9.5], "texture": "#0"},
				"east": {"uv": [5, 9, 4.5, 9.5], "texture": "#0"},
				"south": {"uv": [5, 9, 4.5, 9.5], "texture": "#0"},
				"west": {"uv": [5, 9, 4.5, 9.5], "texture": "#0"},
				"up": {"uv": [7.5, 5.5, 7, 6], "texture": "#0"},
				"down": {"uv": [7.5, 5.5, 7, 6], "texture": "#0"}
			}
		},
		{
			"name": "potion_overlay",
			"from": [4.955, -5.263, 4.955],
			"to": [11.045, 4.663, 11.045],
			"rotation": {"angle": 0, "axis": "y", "origin": [15.56, 11.082, 15.56]},
			"faces": {
				"north": {"uv": [5.5, 3.5, 4, 5.5], "texture": "#0", "tintindex": 0},
				"east": {"uv": [5.5, 3.5, 4, 5.5], "texture": "#0", "tintindex": 0},
				"south": {"uv": [5.5, 3.5, 4, 5.5], "texture": "#0", "tintindex": 0},
				"west": {"uv": [5.5, 3.5, 4, 5.5], "texture": "#0", "tintindex": 0},
				"up": {"uv": [5.5, 4, 4, 5.5], "texture": "#0", "tintindex": 0},
				"down": {"uv": [5.5, 4, 4, 5.5], "texture": "#0", "tintindex": 0}
			}
		},
		{
			"name": "potion_overlay",
			"from": [4.375, -4.375, 4.375],
			"to": [11.625, 3.175, 11.625],
			"rotation": {"angle": 0, "axis": "y", "origin": [17, 13.25, 17]},
			"faces": {
				"north": {"uv": [5.5, 3.5, 4, 5.5], "texture": "#0", "tintindex": 0},
				"east": {"uv": [5.5, 3.5, 4, 5.5], "texture": "#0", "tintindex": 0},
				"south": {"uv": [5.5, 3.5, 4, 5.5], "texture": "#0", "tintindex": 0},
				"west": {"uv": [5.5, 3.5, 4, 5.5], "texture": "#0", "tintindex": 0},
				"up": {"uv": [5.5, 4, 4, 5.5], "texture": "#0", "tintindex": 0},
				"down": {"uv": [5.5, 4, 4, 5.5], "texture": "#0", "tintindex": 0}
			}
		},
		{
			"name": "potion_overlay",
			"from": [2.375, -3.375, 2.375],
			"to": [13.625, 3.375, 13.625],
			"rotation": {"angle": 0, "axis": "y", "origin": [17, 13.25, 17]},
			"faces": {
				"north": {"uv": [5.5, 3.5, 4, 5.5], "texture": "#0", "tintindex": 0},
				"east": {"uv": [5.5, 3.5, 4, 5.5], "texture": "#0", "tintindex": 0},
				"south": {"uv": [5.5, 3.5, 4, 5.5], "texture": "#0", "tintindex": 0},
				"west": {"uv": [5.5, 3.5, 4, 5.5], "texture": "#0", "tintindex": 0},
				"up": {"uv": [5.5, 4, 4, 5.5], "texture": "#0", "tintindex": 0},
				"down": {"uv": [5.5, 4, 4, 5.5], "texture": "#0", "tintindex": 0}
			}
		},
		{
			"from": [1.746, -3.95485, 3.66848],
			"to": [2.394, 4.68515, 12.30848],
			"rotation": {"angle": 0, "axis": "x", "origin": [10.114, 12.60515, -4.10752]},
			"faces": {
				"north": {"uv": [9.5, 0, 9.5, 2], "rotation": 180, "texture": "#0"},
				"east": {"uv": [10, 0, 16, 5.5], "texture": "#0"},
				"south": {"uv": [9.5, 0, 9.5, 2], "texture": "#0"},
				"west": {"uv": [10, 0, 16, 5.5], "texture": "#0"},
				"up": {"uv": [9.5, 0, 9.5, 2], "texture": "#0"},
				"down": {"uv": [9.5, 0, 9.5, 2], "rotation": 180, "texture": "#0"}
			}
		}
	],
	"gui_light": "front",
	"display": {
		"thirdperson_righthand": {
			"rotation": [23.65, 30.28, 6.64],
			"translation": [0.5, 3.75, 1.5],
			"scale": [0.3, 0.3, 0.3]
		},
		"thirdperson_lefthand": {
			"rotation": [-150.48, -28.63, -169.74],
			"translation": [0.5, 3.75, 1.5],
			"scale": [0.3, 0.3, 0.3]
		},
		"firstperson_righthand": {
			"rotation": [-28.7, 31.73, 13.46],
			"translation": [0.5, 7.25, -0.75],
			"scale": [0.5, 0.5, 0.5]
		},
		"firstperson_lefthand": {
			"rotation": [152.32, -33.75, 173.05],
			"translation": [0.5, 7.25, -0.75],
			"scale": [0.5, 0.5, 0.5]
		},
		"ground": {
			"rotation": [22.5, 0, 0],
			"translation": [0, 6.75, 0],
			"scale": [0.3, 0.3, 0.3]
		},
		"gui": {
			"rotation": [-90, 45, 90],
			"translation": [-3, 3.5, 0],
			"scale": [0.8, 0.8, 0.8]
		},
		"head": {
			"translation": [0, 12.25, 0],
			"scale": [0.75, 0.75, 0.75]
		},
		"fixed": {
			"rotation": [-90, -45, -90],
			"translation": [4.5, 4.5, 0],
			"scale": [0.8, 0.8, 0.8]
		}
	},
	"groups": [
		{
			"name": "potion",
			"origin": [8, 8, 8],
			"color": 0,
			"nbt": "{}",
			"armAnimationEnabled": false,
			"children": [0, 1, 2, 3, 4, 5, 6]
		},
		7,
		8,
		9,
		10
	]
}