{"credit":"Made with Blockbench","textures":{"6":"block/chorus_flower/leaves","7":"block/chorus_flower/roots"},"elements":[{"name":"large_leaves_1","from":[5.1,-6,3.9],"to":[15.2,10,14],"rotation":{"angle":0,"axis":"y","origin":[0,11,0]},"faces":{"north":{"uv":[3,0,13,16],"texture":"#6"},"east":{"uv":[3,0,13,16],"texture":"#6"},"south":{"uv":[3,0,13,16],"texture":"#6"},"west":{"uv":[3,0,13,16],"texture":"#6"},"up":{"uv":[3,3,13,13],"texture":"#6"},"down":{"uv":[0,0,3,3],"texture":"#6"}}},{"name":"large_leaves_2","from":[-2.9,-4,8.9],"to":[7.2,12,19],"rotation":{"angle":0,"axis":"y","origin":[0,11,0]},"faces":{"north":{"uv":[3,0,13,16],"texture":"#6"},"east":{"uv":[3,0,13,16],"texture":"#6"},"south":{"uv":[3,0,13,16],"texture":"#6"},"west":{"uv":[3,0,13,16],"texture":"#6"},"up":{"uv":[3,3,13,13],"texture":"#6"},"down":{"uv":[0,0,3,3],"texture":"#6"}}},{"name":"large_leaves_3","from":[6.1,-4,-2.1],"to":[16.2,12,8],"rotation":{"angle":0,"axis":"y","origin":[0,11,0]},"faces":{"north":{"uv":[3,0,13,16],"texture":"#6"},"east":{"uv":[3,0,13,16],"texture":"#6"},"south":{"uv":[3,0,13,16],"texture":"#6"},"west":{"uv":[3,0,13,16],"texture":"#6"},"up":{"uv":[3,3,13,13],"texture":"#6"},"down":{"uv":[0,0,3,3],"texture":"#6"}}},{"name":"large_leaves_4","from":[7.1,-6,6.9],"to":[17.2,10,17],"rotation":{"angle":0,"axis":"y","origin":[0,11,0]},"faces":{"north":{"uv":[3,0,13,16],"texture":"#6"},"east":{"uv":[3,0,13,16],"texture":"#6"},"south":{"uv":[3,0,13,16],"texture":"#6"},"west":{"uv":[3,0,13,16],"texture":"#6"},"up":{"uv":[3,3,13,13],"texture":"#6"},"down":{"uv":[0,0,3,3],"texture":"#6"}}},{"name":"large_leaves_5","from":[-2.9,-6,-1.1],"to":[7.2,10,9],"rotation":{"angle":0,"axis":"y","origin":[0,11,0]},"faces":{"north":{"uv":[3,0,13,16],"texture":"#6"},"east":{"uv":[3,0,13,16],"texture":"#6"},"south":{"uv":[3,0,13,16],"texture":"#6"},"west":{"uv":[3,0,13,16],"texture":"#6"},"up":{"uv":[3,3,13,13],"texture":"#6"},"down":{"uv":[0,0,3,3],"texture":"#6"}}},{"name":"large_leaves_6","from":[3.1,-5,2.9],"to":[13.2,11,13],"rotation":{"angle":0,"axis":"y","origin":[0,11,0]},"faces":{"north":{"uv":[3,0,13,16],"texture":"#6"},"east":{"uv":[3,0,13,16],"texture":"#6"},"south":{"uv":[3,0,13,16],"texture":"#6"},"west":{"uv":[3,0,13,16],"texture":"#6"},"up":{"uv":[3,3,13,13],"texture":"#6"},"down":{"uv":[0,0,3,3],"texture":"#6"}}},{"name":"large_leaves_7","from":[4.1,0,4.9],"to":[14.2,16,15],"rotation":{"angle":0,"axis":"y","origin":[0,11,0]},"faces":{"north":{"uv":[3,0,13,16],"texture":"#6"},"east":{"uv":[3,0,13,16],"texture":"#6"},"south":{"uv":[3,0,13,16],"texture":"#6"},"west":{"uv":[3,0,13,16],"texture":"#6"},"up":{"uv":[3,3,13,13],"texture":"#6"},"down":{"uv":[0,0,3,3],"texture":"#6"}}},{"name":"large_leaves_8","from":[-0.9,2,-0.1],"to":[9.2,18,10],"rotation":{"angle":0,"axis":"y","origin":[0,11,0]},"faces":{"north":{"uv":[3,0,13,16],"texture":"#6"},"east":{"uv":[3,0,13,16],"texture":"#6"},"south":{"uv":[3,0,13,16],"texture":"#6"},"west":{"uv":[3,0,13,16],"texture":"#6"},"up":{"uv":[3,3,13,13],"texture":"#6"},"down":{"uv":[0,0,3,3],"texture":"#6"}}},{"name":"1","from":[0,-5,8],"to":[16,11,8],"rotation":{"angle":-45,"axis":"y","origin":[8,-2,8]},"faces":{"north":{"uv":[0,0,16,16],"texture":"#7"},"east":{"uv":[0,0,0,16],"texture":"#7"},"south":{"uv":[0,0,16,16],"texture":"#7"},"west":{"uv":[0,0,0,16],"texture":"#7"},"up":{"uv":[0,0,16,0],"texture":"#7"},"down":{"uv":[0,0,16,0],"texture":"#7"}}},{"name":"2","from":[8,-5,0],"to":[8,11,16],"rotation":{"angle":-45,"axis":"y","origin":[8,-2,8]},"faces":{"north":{"uv":[0,0,0,16],"texture":"#7"},"east":{"uv":[0,0,16,16],"texture":"#7"},"south":{"uv":[0,0,0,16],"texture":"#7"},"west":{"uv":[0,0,16,16],"texture":"#7"},"up":{"uv":[0,0,16,0],"rotation":90,"texture":"#7"},"down":{"uv":[0,0,16,0],"rotation":270,"texture":"#7"}}}],"groups":[{"name":"leaves","origin":[0,0,8],"color":0,"shade":false,"children":[0,1,2,3,4,5,6,7]},{"name":"roots","origin":[8,8,8],"color":0,"children":[8,9]}]}