{
	"credit": "Made By ManuelXXVI",
	"textures": {
		"sword": "block/dragon_sword",
		"particle": "block/dragon_sword_particle"
	},
	"elements": [
		{
			"name": "Dragon_Sword_0",
			"from": [26.375, -0.525, 7.3],
			"to": [31.975, 6.475, 8.7],
			"rotation": {"angle": -45, "axis": "z", "origin": [11.15, 24.85, -13.7]},
			"faces": {
				"north": {"uv": [14.5, 1.5, 12, 3.5], "rotation": 270, "texture": "#sword"},
				"east": {"uv": [12, 1.5, 14.5, 2], "rotation": 90, "texture": "#sword"},
				"south": {"uv": [12, 1.5, 14.5, 3.5], "rotation": 90, "texture": "#sword"},
				"west": {"uv": [12, 3, 14.5, 3.5], "rotation": 90, "texture": "#sword"},
				"up": {"uv": [12, 1.5, 12.5, 3.5], "rotation": 90, "texture": "#sword"},
				"down": {"uv": [14, 1.5, 14.5, 3.5], "rotation": 90, "texture": "#sword"}
			}
		},
		{
			"name": "Dragon_Sword_1",
			"from": [29.175, -3.325, 7.3],
			"to": [31.975, -0.525, 8.7],
			"rotation": {"angle": -45, "axis": "z", "origin": [11.15, 24.85, -13.7]},
			"faces": {
				"north": {"uv": [15.5, 1.5, 14.5, 2.5], "rotation": 270, "texture": "#sword"},
				"east": {"uv": [14.5, 1.5, 15.5, 2], "rotation": 90, "texture": "#sword"},
				"south": {"uv": [14.5, 1.5, 15.5, 2.5], "rotation": 90, "texture": "#sword"},
				"west": {"uv": [14.5, 2, 15.5, 2.5], "rotation": 90, "texture": "#sword"},
				"up": {"uv": [14.5, 1.5, 15, 2.5], "rotation": 90, "texture": "#sword"},
				"down": {"uv": [15, 1.5, 15.5, 2.5], "rotation": 90, "texture": "#sword"}
			}
		},
		{
			"name": "Dragon_Sword_2",
			"from": [19.375, 6.475, 7.3],
			"to": [29.175, 7.875, 8.7],
			"rotation": {"angle": -45, "axis": "z", "origin": [11.15, 24.85, -13.7]},
			"faces": {
				"north": {"uv": [12, 2.5, 11.5, 6], "rotation": 270, "texture": "#sword"},
				"east": {"uv": [11.5, 2.5, 12, 3], "rotation": 90, "texture": "#sword"},
				"south": {"uv": [11.5, 2.5, 12, 6], "rotation": 90, "texture": "#sword"},
				"west": {"uv": [11.5, 5.5, 12, 6], "rotation": 90, "texture": "#sword"},
				"up": {"uv": [11.5, 2.5, 12, 6], "rotation": 90, "texture": "#sword"},
				"down": {"uv": [11.5, 2.5, 12, 6], "rotation": 90, "texture": "#sword"}
			}
		},
		{
			"name": "Dragon_Sword_3",
			"from": [27.775, -1.925, 7.3],
			"to": [29.175, -0.525, 8.7],
			"rotation": {"angle": -45, "axis": "z", "origin": [11.15, 24.85, -13.7]},
			"faces": {
				"north": {"uv": [15, 2.5, 14.5, 3], "rotation": 270, "texture": "#sword"},
				"east": {"uv": [14.5, 2.5, 15, 3], "rotation": 90, "texture": "#sword"},
				"south": {"uv": [14.5, 2.5, 15, 3], "rotation": 90, "texture": "#sword"},
				"west": {"uv": [14.5, 2.5, 15, 3], "rotation": 90, "texture": "#sword"},
				"up": {"uv": [14.5, 2.5, 15, 3], "rotation": 90, "texture": "#sword"},
				"down": {"uv": [14.5, 2.5, 15, 3], "rotation": 90, "texture": "#sword"}
			}
		},
		{
			"name": "Dragon_Sword_4",
			"from": [17.975, 7.875, 7.3],
			"to": [27.775, 9.275, 8.7],
			"rotation": {"angle": -45, "axis": "z", "origin": [11.15, 24.85, -13.7]},
			"faces": {
				"north": {"uv": [11.5, 3, 11, 6.5], "rotation": 270, "texture": "#sword"},
				"east": {"uv": [11, 3, 11.5, 3.5], "rotation": 90, "texture": "#sword"},
				"south": {"uv": [11, 3, 11.5, 6.5], "rotation": 90, "texture": "#sword"},
				"west": {"uv": [11, 6, 11.5, 6.5], "rotation": 90, "texture": "#sword"},
				"up": {"uv": [11, 3, 11.5, 6.5], "rotation": 90, "texture": "#sword"},
				"down": {"uv": [11, 3, 11.5, 6.5], "rotation": 90, "texture": "#sword"}
			}
		},
		{
			"name": "Dragon_Sword_5",
			"from": [16.575, 9.275, 7.3],
			"to": [26.375, 10.675, 8.7],
			"rotation": {"angle": -45, "axis": "z", "origin": [11.15, 24.85, -13.7]},
			"faces": {
				"north": {"uv": [11, 3.5, 10.5, 7], "rotation": 270, "texture": "#sword"},
				"east": {"uv": [10.5, 3.5, 11, 4], "rotation": 90, "texture": "#sword"},
				"south": {"uv": [10.5, 3.5, 11, 7], "rotation": 90, "texture": "#sword"},
				"west": {"uv": [10.5, 6.5, 11, 7], "rotation": 90, "texture": "#sword"},
				"up": {"uv": [10.5, 3.5, 11, 7], "rotation": 90, "texture": "#sword"},
				"down": {"uv": [10.5, 3.5, 11, 7], "rotation": 90, "texture": "#sword"}
			}
		},
		{
			"name": "Dragon_Sword_6",
			"from": [23.575, 2.275, 7.3],
			"to": [26.375, 6.475, 8.7],
			"rotation": {"angle": -45, "axis": "z", "origin": [11.15, 24.85, -13.7]},
			"faces": {
				"north": {"uv": [13.5, 3.5, 12, 4.5], "rotation": 270, "texture": "#sword"},
				"east": {"uv": [12, 3.5, 13.5, 4], "rotation": 90, "texture": "#sword"},
				"south": {"uv": [12, 3.5, 13.5, 4.5], "rotation": 90, "texture": "#sword"},
				"west": {"uv": [12, 4, 13.5, 4.5], "rotation": 90, "texture": "#sword"},
				"up": {"uv": [12, 3.5, 12.5, 4.5], "rotation": 90, "texture": "#sword"},
				"down": {"uv": [13, 3.5, 13.5, 4.5], "rotation": 90, "texture": "#sword"}
			}
		},
		{
			"name": "Dragon_Sword_7",
			"from": [24.975, 0.875, 7.3],
			"to": [26.375, 2.275, 8.7],
			"rotation": {"angle": -45, "axis": "z", "origin": [11.15, 24.85, -13.7]},
			"faces": {
				"north": {"uv": [14, 3.5, 13.5, 4], "rotation": 270, "texture": "#sword"},
				"east": {"uv": [13.5, 3.5, 14, 4], "rotation": 90, "texture": "#sword"},
				"south": {"uv": [13.5, 3.5, 14, 4], "rotation": 90, "texture": "#sword"},
				"west": {"uv": [13.5, 3.5, 14, 4], "rotation": 90, "texture": "#sword"},
				"up": {"uv": [13.5, 3.5, 14, 4], "rotation": 90, "texture": "#sword"},
				"down": {"uv": [13.5, 3.5, 14, 4], "rotation": 90, "texture": "#sword"}
			}
		},
		{
			"name": "Dragon_Sword_8",
			"from": [15.175, 10.675, 7.3],
			"to": [24.975, 12.075, 8.7],
			"rotation": {"angle": -45, "axis": "z", "origin": [11.15, 24.85, -13.7]},
			"faces": {
				"north": {"uv": [10.5, 4, 10, 7.5], "rotation": 270, "texture": "#sword"},
				"east": {"uv": [10, 4, 10.5, 4.5], "rotation": 90, "texture": "#sword"},
				"south": {"uv": [10, 4, 10.5, 7.5], "rotation": 90, "texture": "#sword"},
				"west": {"uv": [10, 7, 10.5, 7.5], "rotation": 90, "texture": "#sword"},
				"up": {"uv": [10, 4, 10.5, 7.5], "rotation": 90, "texture": "#sword"},
				"down": {"uv": [10, 4, 10.5, 7.5], "rotation": 90, "texture": "#sword"}
			}
		},
		{
			"name": "Dragon_Sword_9",
			"from": [13.775, 12.075, 7.3],
			"to": [23.575, 13.475, 8.7],
			"rotation": {"angle": -45, "axis": "z", "origin": [11.15, 24.85, -13.7]},
			"faces": {
				"north": {"uv": [10, 4.5, 9.5, 8], "rotation": 270, "texture": "#sword"},
				"east": {"uv": [9.5, 4.5, 10, 5], "rotation": 90, "texture": "#sword"},
				"south": {"uv": [9.5, 4.5, 10, 8], "rotation": 90, "texture": "#sword"},
				"west": {"uv": [9.5, 7.5, 10, 8], "rotation": 90, "texture": "#sword"},
				"up": {"uv": [9.5, 4.5, 10, 8], "rotation": 90, "texture": "#sword"},
				"down": {"uv": [9.5, 4.5, 10, 8], "rotation": 90, "texture": "#sword"}
			}
		},
		{
			"name": "Dragon_Sword_10",
			"from": [22.175, 3.675, 7.3],
			"to": [23.575, 6.475, 8.7],
			"rotation": {"angle": -45, "axis": "z", "origin": [11.15, 24.85, -13.7]},
			"faces": {
				"north": {"uv": [13, 4.5, 12, 5], "rotation": 270, "texture": "#sword"},
				"east": {"uv": [12, 4.5, 13, 5], "rotation": 90, "texture": "#sword"},
				"south": {"uv": [12, 4.5, 13, 5], "rotation": 90, "texture": "#sword"},
				"west": {"uv": [12, 4.5, 13, 5], "rotation": 90, "texture": "#sword"},
				"up": {"uv": [12, 4.5, 12.5, 5], "rotation": 90, "texture": "#sword"},
				"down": {"uv": [12.5, 4.5, 13, 5], "rotation": 90, "texture": "#sword"}
			}
		},
		{
			"name": "Dragon_Sword_11",
			"from": [12.375, 13.475, 7.3],
			"to": [22.175, 14.875, 8.7],
			"rotation": {"angle": -45, "axis": "z", "origin": [11.15, 24.85, -13.7]},
			"faces": {
				"north": {"uv": [9.5, 5, 9, 8.5], "rotation": 270, "texture": "#sword"},
				"east": {"uv": [9, 5, 9.5, 5.5], "rotation": 90, "texture": "#sword"},
				"south": {"uv": [9, 5, 9.5, 8.5], "rotation": 90, "texture": "#sword"},
				"west": {"uv": [9, 8, 9.5, 8.5], "rotation": 90, "texture": "#sword"},
				"up": {"uv": [9, 5, 9.5, 8.5], "rotation": 90, "texture": "#sword"},
				"down": {"uv": [9, 5, 9.5, 8.5], "rotation": 90, "texture": "#sword"}
			}
		},
		{
			"name": "Dragon_Sword_12",
			"from": [20.775, 5.075, 7.3],
			"to": [22.175, 6.475, 8.7],
			"rotation": {"angle": -45, "axis": "z", "origin": [11.15, 24.85, -13.7]},
			"faces": {
				"north": {"uv": [12.5, 5, 12, 5.5], "rotation": 270, "texture": "#sword"},
				"east": {"uv": [12, 5, 12.5, 5.5], "rotation": 90, "texture": "#sword"},
				"south": {"uv": [12, 5, 12.5, 5.5], "rotation": 90, "texture": "#sword"},
				"west": {"uv": [12, 5, 12.5, 5.5], "rotation": 90, "texture": "#sword"},
				"up": {"uv": [12, 5, 12.5, 5.5], "rotation": 90, "texture": "#sword"},
				"down": {"uv": [12, 5, 12.5, 5.5], "rotation": 90, "texture": "#sword"}
			}
		},
		{
			"name": "Dragon_Sword_13",
			"from": [10.975, 14.875, 7.3],
			"to": [20.775, 16.275, 8.7],
			"rotation": {"angle": -45, "axis": "z", "origin": [11.15, 24.85, -13.7]},
			"faces": {
				"north": {"uv": [9, 5.5, 8.5, 9], "rotation": 270, "texture": "#sword"},
				"east": {"uv": [8.5, 5.5, 9, 6], "rotation": 90, "texture": "#sword"},
				"south": {"uv": [8.5, 5.5, 9, 9], "rotation": 90, "texture": "#sword"},
				"west": {"uv": [8.5, 8.5, 9, 9], "rotation": 90, "texture": "#sword"},
				"up": {"uv": [8.5, 5.5, 9, 9], "rotation": 90, "texture": "#sword"},
				"down": {"uv": [8.5, 5.5, 9, 9], "rotation": 90, "texture": "#sword"}
			}
		},
		{
			"name": "Dragon_Sword_14",
			"from": [13.775, 23.275, 7.3],
			"to": [19.375, 26.075, 8.7],
			"rotation": {"angle": -45, "axis": "z", "origin": [11.15, 24.85, -13.7]},
			"faces": {
				"north": {"uv": [6, 6, 5, 8], "rotation": 270, "texture": "#sword"},
				"east": {"uv": [5, 6, 6, 6.5], "rotation": 90, "texture": "#sword"},
				"south": {"uv": [5, 6, 6, 8], "rotation": 90, "texture": "#sword"},
				"west": {"uv": [5, 7.5, 6, 8], "rotation": 90, "texture": "#sword"},
				"up": {"uv": [5, 6, 5.5, 8], "rotation": 90, "texture": "#sword"},
				"down": {"uv": [5.5, 6, 6, 8], "rotation": 90, "texture": "#sword"}
			}
		},
		{
			"name": "Dragon_Sword_15",
			"from": [5.375, 16.275, 7.3],
			"to": [19.375, 17.675, 8.7],
			"rotation": {"angle": -45, "axis": "z", "origin": [11.15, 24.85, -13.7]},
			"faces": {
				"north": {"uv": [8.5, 6, 8, 11], "rotation": 270, "texture": "#sword"},
				"east": {"uv": [8, 6, 8.5, 6.5], "rotation": 90, "texture": "#sword"},
				"south": {"uv": [8, 6, 8.5, 11], "rotation": 90, "texture": "#sword"},
				"west": {"uv": [8, 10.5, 8.5, 11], "rotation": 90, "texture": "#sword"},
				"up": {"uv": [8, 6, 8.5, 11], "rotation": 90, "texture": "#sword"},
				"down": {"uv": [8, 6, 8.5, 11], "rotation": 90, "texture": "#sword"}
			}
		},
		{
			"name": "Dragon_Sword_16",
			"from": [6.775, 21.875, 7.3],
			"to": [17.975, 23.275, 8.7],
			"rotation": {"angle": -45, "axis": "z", "origin": [11.15, 24.85, -13.7]},
			"faces": {
				"north": {"uv": [6.5, 6.5, 6, 10.5], "rotation": 270, "texture": "#sword"},
				"east": {"uv": [6, 6.5, 6.5, 7], "rotation": 90, "texture": "#sword"},
				"south": {"uv": [6, 6.5, 6.5, 10.5], "rotation": 90, "texture": "#sword"},
				"west": {"uv": [6, 10, 6.5, 10.5], "rotation": 90, "texture": "#sword"},
				"up": {"uv": [6, 6.5, 6.5, 10.5], "rotation": 90, "texture": "#sword"},
				"down": {"uv": [6, 6.5, 6.5, 10.5], "rotation": 90, "texture": "#sword"}
			}
		},
		{
			"name": "Dragon_Sword_17",
			"from": [6.775, 17.675, 7.3],
			"to": [17.975, 19.075, 8.7],
			"rotation": {"angle": -45, "axis": "z", "origin": [11.15, 24.85, -13.7]},
			"faces": {
				"north": {"uv": [8, 6.5, 7.5, 10.5], "rotation": 270, "texture": "#sword"},
				"east": {"uv": [7.5, 6.5, 8, 7], "rotation": 90, "texture": "#sword"},
				"south": {"uv": [7.5, 6.5, 8, 10.5], "rotation": 90, "texture": "#sword"},
				"west": {"uv": [7.5, 10, 8, 10.5], "rotation": 90, "texture": "#sword"},
				"up": {"uv": [7.5, 6.5, 8, 10.5], "rotation": 90, "texture": "#sword"},
				"down": {"uv": [7.5, 6.5, 8, 10.5], "rotation": 90, "texture": "#sword"}
			}
		},
		{
			"name": "Dragon_Sword_18",
			"from": [8.175, 19.075, 7.3],
			"to": [16.575, 20.475, 8.7],
			"rotation": {"angle": -45, "axis": "z", "origin": [11.15, 24.85, -13.7]},
			"faces": {
				"north": {"uv": [7.5, 7, 7, 10], "rotation": 270, "texture": "#sword"},
				"east": {"uv": [7, 7, 7.5, 7.5], "rotation": 90, "texture": "#sword"},
				"south": {"uv": [7, 7, 7.5, 10], "rotation": 90, "texture": "#sword"},
				"west": {"uv": [7, 9.5, 7.5, 10], "rotation": 90, "texture": "#sword"},
				"up": {"uv": [7, 7, 7.5, 10], "rotation": 90, "texture": "#sword"},
				"down": {"uv": [7, 7, 7.5, 10], "rotation": 90, "texture": "#sword"}
			}
		},
		{
			"name": "Dragon_Sword_19",
			"from": [8.175, 20.475, 7.3],
			"to": [15.175, 21.875, 8.7],
			"rotation": {"angle": -45, "axis": "z", "origin": [11.15, 24.85, -13.7]},
			"faces": {
				"north": {"uv": [7, 7.5, 6.5, 10], "rotation": 270, "texture": "#sword"},
				"east": {"uv": [6.5, 7.5, 7, 8], "rotation": 90, "texture": "#sword"},
				"south": {"uv": [6.5, 7.5, 7, 10], "rotation": 90, "texture": "#sword"},
				"west": {"uv": [6.5, 9.5, 7, 10], "rotation": 90, "texture": "#sword"},
				"up": {"uv": [6.5, 7.5, 7, 10], "rotation": 90, "texture": "#sword"},
				"down": {"uv": [6.5, 7.5, 7, 10], "rotation": 90, "texture": "#sword"}
			}
		},
		{
			"name": "Dragon_Sword_20",
			"from": [12.375, 23.275, 7.3],
			"to": [13.775, 24.675, 8.7],
			"rotation": {"angle": -45, "axis": "z", "origin": [11.15, 24.85, -13.7]},
			"faces": {
				"north": {"uv": [6, 8, 5.5, 8.5], "rotation": 270, "texture": "#sword"},
				"east": {"uv": [5.5, 8, 6, 8.5], "rotation": 90, "texture": "#sword"},
				"south": {"uv": [5.5, 8, 6, 8.5], "rotation": 90, "texture": "#sword"},
				"west": {"uv": [5.5, 8, 6, 8.5], "rotation": 90, "texture": "#sword"},
				"up": {"uv": [5.5, 8, 6, 8.5], "rotation": 90, "texture": "#sword"},
				"down": {"uv": [5.5, 8, 6, 8.5], "rotation": 90, "texture": "#sword"}
			}
		},
		{
			"name": "Dragon_Sword_21",
			"from": [5.375, 23.275, 7.3],
			"to": [9.575, 24.675, 8.7],
			"rotation": {"angle": -45, "axis": "z", "origin": [11.15, 24.85, -13.7]},
			"faces": {
				"north": {"uv": [6, 9.5, 5.5, 11], "rotation": 270, "texture": "#sword"},
				"east": {"uv": [5.5, 9.5, 6, 10], "rotation": 90, "texture": "#sword"},
				"south": {"uv": [5.5, 9.5, 6, 11], "rotation": 90, "texture": "#sword"},
				"west": {"uv": [5.5, 10.5, 6, 11], "rotation": 90, "texture": "#sword"},
				"up": {"uv": [5.5, 9.5, 6, 11], "rotation": 90, "texture": "#sword"},
				"down": {"uv": [5.5, 9.5, 6, 11], "rotation": 90, "texture": "#sword"}
			}
		},
		{
			"name": "Dragon_Sword_22",
			"from": [5.375, 13.475, 7.3],
			"to": [9.575, 16.275, 8.7],
			"rotation": {"angle": -45, "axis": "z", "origin": [11.15, 24.85, -13.7]},
			"faces": {
				"north": {"uv": [9.5, 9.5, 8.5, 11], "rotation": 270, "texture": "#sword"},
				"east": {"uv": [8.5, 9.5, 9.5, 10], "rotation": 90, "texture": "#sword"},
				"south": {"uv": [8.5, 9.5, 9.5, 11], "rotation": 90, "texture": "#sword"},
				"west": {"uv": [8.5, 10.5, 9.5, 11], "rotation": 90, "texture": "#sword"},
				"up": {"uv": [8.5, 9.5, 9, 11], "rotation": 90, "texture": "#sword"},
				"down": {"uv": [9, 9.5, 9.5, 11], "rotation": 90, "texture": "#sword"}
			}
		},
		{
			"name": "Dragon_Sword_23",
			"from": [3.975, 24.675, 7.3],
			"to": [8.175, 26.075, 8.7],
			"rotation": {"angle": -45, "axis": "z", "origin": [11.15, 24.85, -13.7]},
			"faces": {
				"north": {"uv": [5.5, 10, 5, 11.5], "rotation": 270, "texture": "#sword"},
				"east": {"uv": [5, 10, 5.5, 10.5], "rotation": 90, "texture": "#sword"},
				"south": {"uv": [5, 10, 5.5, 11.5], "rotation": 90, "texture": "#sword"},
				"west": {"uv": [5, 11, 5.5, 11.5], "rotation": 90, "texture": "#sword"},
				"up": {"uv": [5, 10, 5.5, 11.5], "rotation": 90, "texture": "#sword"},
				"down": {"uv": [5, 10, 5.5, 11.5], "rotation": 90, "texture": "#sword"}
			}
		},
		{
			"name": "Dragon_Sword_24",
			"from": [5.375, 12.075, 7.3],
			"to": [8.175, 13.475, 8.7],
			"rotation": {"angle": -45, "axis": "z", "origin": [11.15, 24.85, -13.7]},
			"faces": {
				"north": {"uv": [10, 10, 9.5, 11], "rotation": 270, "texture": "#sword"},
				"east": {"uv": [9.5, 10, 10, 10.5], "rotation": 90, "texture": "#sword"},
				"south": {"uv": [9.5, 10, 10, 11], "rotation": 90, "texture": "#sword"},
				"west": {"uv": [9.5, 10.5, 10, 11], "rotation": 90, "texture": "#sword"},
				"up": {"uv": [9.5, 10, 10, 11], "rotation": 90, "texture": "#sword"},
				"down": {"uv": [9.5, 10, 10, 11], "rotation": 90, "texture": "#sword"}
			}
		},
		{
			"name": "Dragon_Sword_25",
			"from": [1.175, 26.075, 7.3],
			"to": [6.775, 27.475, 8.7],
			"rotation": {"angle": -45, "axis": "z", "origin": [11.15, 24.85, -13.7]},
			"faces": {
				"north": {"uv": [5, 10.5, 4.5, 12.5], "rotation": 270, "texture": "#sword"},
				"east": {"uv": [4.5, 10.5, 5, 11], "rotation": 90, "texture": "#sword"},
				"south": {"uv": [4.5, 10.5, 5, 12.5], "rotation": 90, "texture": "#sword"},
				"west": {"uv": [4.5, 12, 5, 12.5], "rotation": 90, "texture": "#sword"},
				"up": {"uv": [4.5, 10.5, 5, 12.5], "rotation": 90, "texture": "#sword"},
				"down": {"uv": [4.5, 10.5, 5, 12.5], "rotation": 90, "texture": "#sword"}
			}
		},
		{
			"name": "Dragon_Sword_26",
			"from": [-0.225, 27.475, 7.3],
			"to": [5.375, 30.275, 8.7],
			"rotation": {"angle": -45, "axis": "z", "origin": [11.15, 24.85, -13.7]},
			"faces": {
				"north": {"uv": [4.5, 11, 3.5, 13], "rotation": 270, "texture": "#sword"},
				"east": {"uv": [3.5, 11, 4.5, 11.5], "rotation": 90, "texture": "#sword"},
				"south": {"uv": [3.5, 11, 4.5, 13], "rotation": 90, "texture": "#sword"},
				"west": {"uv": [3.5, 12.5, 4.5, 13], "rotation": 90, "texture": "#sword"},
				"up": {"uv": [3.5, 11, 4, 13], "rotation": 90, "texture": "#sword"},
				"down": {"uv": [4, 11, 4.5, 13], "rotation": 90, "texture": "#sword"}
			}
		},
		{
			"name": "Dragon_Sword_27",
			"from": [-0.225, 30.275, 7.3],
			"to": [3.975, 31.675, 8.7],
			"rotation": {"angle": -45, "axis": "z", "origin": [11.15, 24.85, -13.7]},
			"faces": {
				"north": {"uv": [3.5, 11.5, 3, 13], "rotation": 270, "texture": "#sword"},
				"east": {"uv": [3, 11.5, 3.5, 12], "rotation": 90, "texture": "#sword"},
				"south": {"uv": [3, 11.5, 3.5, 13], "rotation": 90, "texture": "#sword"},
				"west": {"uv": [3, 12.5, 3.5, 13], "rotation": 90, "texture": "#sword"},
				"up": {"uv": [3, 11.5, 3.5, 13], "rotation": 90, "texture": "#sword"},
				"down": {"uv": [3, 11.5, 3.5, 13], "rotation": 90, "texture": "#sword"}
			}
		}
	],
	"groups": [
		{
			"name": "Dragon_Sword",
			"origin": [8, 8, 8],
			"color": 0,
			"children": [0, 1, 2, 3, 4, 5, 6, 7, 8, 9, 10, 11, 12, 13, 14, 15, 16, 17, 18, 19, 20, 21, 22, 23, 24, 25, 26, 27]
		}
	]
}