{
	"credit": "Created by Stridey",
	"ambientocclusion": false,
	"textures": {
		"particle": "block/iron_bars",
		"bars": "block/iron_bars"
	},
	"elements": [
		{
			"from": [8, 0, 0],
			"to": [8, 16, 8],
			"faces": {
				"east": {"uv": [8, 0, 16, 16], "texture": "#bars"},
				"west": {"uv": [16, 0, 8, 16], "texture": "#bars"}
			}
		},
		{
			"from": [7, 0, 0],
			"to": [9, 16, 7],
			"faces": {
				"north": {"uv": [7, 0, 9, 16], "texture": "#bars", "cullface": "north"}
			}
		},
		{
			"from": [7, 0.025, 0],
			"to": [9, 0.025, 7],
			"faces": {
				"up": {"uv": [7, 0, 9, 7], "texture": "#bars"},
				"down": {"uv": [9, 0, 7, 7], "texture": "#bars"}
			}
		},
		{
			"from": [7, 15.965, 0],
			"to": [9, 15.965, 7],
			"rotation": {"angle": 0, "axis": "y", "origin": [8, 9, 8]},
			"faces": {
				"up": {"uv": [7, 0, 9, 7], "texture": "#bars"},
				"down": {"uv": [9, 0, 7, 7], "texture": "#bars"}
			}
		}
	]
}